Workbook

Sheet LJE 
A1: Emlpoyee Name | B1: Employee Type | C1: Department | D1: Job Position | E1: Manager | F1: Work Email | G1: Work Phone | H1: Private Email | I1: Private Phone | J1: Private Street | K1: Private Street2 | L1: Private Zip | M1: Private Country | N1: Bank Account/Account Number | O1: Bank Account/Bank | P1: Bank Account/Currency | Q1: Private Car Plate | R1: Nationality (Country) | S1: Identification No | T1: SSN No | U1: Passport No | V1: Gender | W1: Date of Birth | X1: Place of Birth | Y1: Country of Birth | Z1: Field of Study | AA1: Visa No | AB1: Visa Expiration Date | AC1: Work Permit No | AD1: Work Permit Expiration Date | AE1: Marital Status | AF1: Number of Dependent Children | AG1: Hourly Cost | AH1: Badge ID | AI1: Emergency Contact Name | AJ1: Emergency Contact Phone
A2: ABDULLAH HADI BIN HAZIUL KEFLI | B2: Employee | C2: SALES SERVICE | D2: TECHNICAL WORKER II | E2: TAN YI HUI | G2: 94771082 | J2: 1 WOODLANDS TERRACE | L2: 738471 | M2: Singapore | R2: Malaysian | S2: M3401812R | U2: A57518164 | V2: Male | W2: 36048 | Y2: MALAYSIA | AD2: NULL | AE2: Single | AF2: 0 | AG2: =VLOOKUP(D2,lookup!$A$2:$B$57,2,1) -> 21 | AH2: 0477 | AI2: NULL | AJ2: NULL
A3: AFRYJAMALDY BIN BAHTIAR | B3: Employee | C3: SALES SERVICE | D3: SR TECH WORKER III | E3: TAN YI HUI | G3: 88586215 | J3: 1 WOODLANDS TERRACE | L3: 738471 | M3: Singapore | R3: Malaysian | S3: G8807471N | U3: A61168554 | V3: Male | W3: 35692 | Y3: MALAYSIA | AD3: NULL | AE3: Single | AF3: 0 | AG3: =VLOOKUP(D3,lookup!$A$2:$B$57,2,1) -> 24 | AH3: 0265 | AI3: NULL | AJ3: NULL
A4: AGOTE LILIBETH | B4: Employee | C4: SALES OVERSEA | D4: SALES & BUSINESS DEVELOPMENT MANAGER | E4: YAP KAI CHONG | F4: lilibeth@lingjack.com | G4: 63 976 525 9679 | J4: 1 WOODLANDS TERRACE | L4: 738471 | M4: Singapore | R4: Filipino | U4: P5814232A | V4: Female | W4: 25921 | Y4: PHILIPPINES | AD4: NULL | AE4: Single | AF4: 0 | AG4: =VLOOKUP(D4,lookup!$A$2:$B$57,2,1) -> 0 | AH4: 0480 | AI4: NULL | AJ4: NULL
A5: ALAM MD TOUHID | B5: Employee | C5: CS | D5: DRIVER III | E5: QUAH GEOK EAN | G5: 80589815 | J5: 1 WOODLANDS TERRACE | L5: 738471 | M5: Singapore | R5: Bangladeshi | S5: G2031335N | U5: A17837145 | V5: Male | W5: 32426 | Y5: BANGLADESH | AD5: NULL | AE5: Married | AF5: 0 | AG5: =VLOOKUP(D5,lookup!$A$2:$B$57,2,1) -> 22 | AH5: 0456 | AI5: NULL | AJ5: NULL
A6: AUNG ZAW MIN | B6: Employee | C6: PRODUCTION | D6: PLANT MANAGER | E6: LIM KOK MENG | F6: aungzawmin@lingjack.com | G6: 83556072 | J6: BLK 448 JURONG WEST ST 42 #06-240 | L6: 640448 | M6: Singapore | R6: Myanmar | S6: G6133091M | U6: MH887710 | V6: Male | W6: 31666 | Y6: MYANMAR | AC6: 0 92281620 | AD6: 46389 | AE6: Married | AF6: 0 | AG6: =VLOOKUP(D6,lookup!$A$2:$B$57,2,1) -> 58 | AH6: 0468 | AI6: NGU WAR MYINT | AJ6: 96187552
A7: CAROL WOON CHEN HEONG | B7: Employee | C7: PROCUREMENT | D7: PURCHASING EXECUTIVE III | E7: LIM HONG MENG | F7: carolwoon@lingjack.com | G7: 83127004 | J7: BLK 337 SEMBAWANG CRESCENT #08-178 | L7: 750337 | M7: Singapore | R7: Singaporean | S7: S8560157A | U7: K2274904A | V7: Female | W7: 31085 | Y7: MALAYSIA | AD7: NULL | AE7: Married | AF7: 0 | AG7: =VLOOKUP(D7,lookup!$A$2:$B$57,2,1) -> 0 | AH7: 0313 | AI7: VIVIEN WOON KERK HEONG | AJ7: 91691158
A8: CHAI YANN YI | B8: Employee | C8: ACCOUNTS | D8: ACCOUNTS EXEC III | E8: TEYOH HUEY LING | F8: yannyichai@lingjack.com | G8: 81918112 | J8: BLK 694D WOODLANDS DR #12-90 | L8: 734694 | M8: Singapore | R8: Singaporean | S8: S9088044F | U8: K4101362G | V8: Female | W8: 32918 | Y8: MALAYSIA | AD8: NULL | AE8: Married | AF8: 0 | AG8: =VLOOKUP(D8,lookup!$A$2:$B$57,2,1) -> 0 | AH8: 0369 | AI8: CHANG SOON YEP | AJ8: 98737225
A9: CHAN SIEW PENG | B9: Employee | C9: ADMIN HR | D9: HR MANAGER | E9: HO KIAN TECK | F9: esther@lingjack.com | G9: 91271863 | J9: 29 LI HWAN CLOSE | L9: 557152 | M9: Singapore | R9: Singaporean | S9: S1438776E | U9: K4401890D | V9: Female | W9: 22006 | AD9: NULL | AE9: Single | AF9: 0 | AG9: =VLOOKUP(D9,lookup!$A$2:$B$57,2,1) -> 0 | AH9: 0010 | AI9: NULL | AJ9: NULL
A10: CHEN MANYING | B10: Employee | C10: CS | D10: CS EXEC III | E10: QUAH GEOK EAN | F10: wendychen@lingjack.com | G10: 84443859 | J10: BLK 515 JURONG WEST ST 52 #02-25 | L10: 640515 | M10: Singapore | R10: China | S10: G0853686X | U10: EE6836275 | V10: Female | W10: 36932 | Y10: CHINA | AC10: 0 79189952 | AD10: 46722 | AE10: Single | AF10: 0 | AG10: =VLOOKUP(D10,lookup!$A$2:$B$57,2,1) -> 0 | AH10: 0519 | AI10: NULL | AJ10: NULL
A11: CHEN QIJIANG | B11: Employee | C11: PRODUCTION | D11: PRODUCTION SPECIALIST II | E11: AUNG ZAW MIN | G11: 83856282 | J11: 1 WOODLANDS TERRACE | L11: 738471 | M11: Singapore | R11: China | S11: G5939387T | U11: E98378751 | V11: Male | W11: 27293 | Y11: CHINA | AD11: NULL | AE11: Married | AF11: 0 | AG11: =VLOOKUP(D11,lookup!$A$2:$B$57,2,1) -> 24 | AH11: 0204 | AI11: NULL | AJ11: NULL
A12: CHIN YI MIN | B12: Employee | C12: CS | D12: CS EXEC III | E12: QUAH GEOK EAN | F12: yiminchin@lingjack.com | G12: 84332388 | J12: APT BLK 782D WOODLANDS CRESCENT #15-345 | L12: 734782 | M12: Singapore | R12: Malaysian | S12: S9379199A | U12: A55263196 | V12: Female | W12: 34258 | Y12: MALAYSIA | AD12: NULL | AE12: Married | AF12: 0 | AG12: =VLOOKUP(D12,lookup!$A$2:$B$57,2,1) -> 0 | AH12: 0500 | AI12: NULL | AJ12: NULL
A13: CHONG SUK FANG | B13: Employee | C13: ACCOUNTS | D13: CLERK | E13: TEYOH HUEY LING | F13: acct08@lingjack.com | G13: 87971206 | J13: BLK 406 WOODLANDS ST 41 #07-10 | L13: 730406 | M13: Singapore | R13: Malaysian | S13: M3160687R | U13: A55291887 | V13: Female | W13: 36135 | Y13: MALAYSIA | AD13: NULL | AE13: Single | AF13: 0 | AG13: =VLOOKUP(D13,lookup!$A$2:$B$57,2,1) -> 0 | AH13: 0432 | AI13: NULL | AJ13: NULL
A14: DENG FANDONG | B14: Employee | C14: PRODUCTION | D14: LATHE SETTER-OPERATOR | E14: AUNG ZAW MIN | G14: 98933232 | J14: 1 WOODLANDS TERRACE | L14: 738471 | M14: Singapore | R14: China | S14: G2407645N | U14: EK9020153 | V14: Male | W14: 32848 | Y14: CHINA | AD14: NULL | AE14: Married | AF14: 0 | AG14: =VLOOKUP(D14,lookup!$A$2:$B$57,2,1) -> 19 | AH14: 0465 | AI14: NULL | AJ14: NULL
A15: DILESHNAIR CHANDRAN | B15: Employee | C15: PRODUCTION | D15: PRODUCTION WORKER I | E15: AUNG ZAW MIN | G15: 98114935 | J15: 1 WOODLANDS TERRACE | L15: 738471 | M15: Singapore | R15: Malaysian | S15: G2835152L | U15: A56111916 | V15: Male | W15: 34993 | AD15: NULL | AE15: Single | AF15: 0 | AG15: =VLOOKUP(D15,lookup!$A$2:$B$57,2,1) -> 18 | AH15: 0023 | AI15: NULL | AJ15: NULL
A16: EDEN LIM ZHI HENG | B16: Employee | C16: ENGINEERING | D16: INTERNSHIP STUDENT | E16: FUNG HOE ANN | G16: 83635935 | J16: APT BLK 411B FERNVALE ROAD #04-72 | L16: 792411 | M16: Singapore | R16: Singaporean | S16: T0572368F | V16: Male | W16: 38578 | Y16: SINGAPORE | AD16: NULL | AE16: Single | AF16: 0 | AG16: =VLOOKUP(D16,lookup!$A$2:$B$57,2,1) -> 0 | AH16: 0516 | AI16: NULL | AJ16: NULL
A17: FENG ZHANPENG | B17: Employee | C17: CS | D17: DRIVER III | E17: QUAH GEOK EAN | G17: 81531309 | J17: 1 WOODLANDS TERRACE | L17: 738471 | M17: Singapore | R17: China | S17: G2562867K | U17: EL0508351 | V17: Male | W17: 31040 | Y17: CHINA | AD17: NULL | AE17: Married | AF17: 0 | AG17: =VLOOKUP(D17,lookup!$A$2:$B$57,2,1) -> 22 | AH17: 0403 | AI17: NULL | AJ17: NULL
A18: FUNG HOE ANN | B18: Employee | C18: ENGINEERING | D18: SR ENGINEERING MGR | E18: LIM KOK KHENG | F18: lucas@lingjack.com | G18: 96683870 | J18: BLK 658 WOODLANDS RING RD #08-120 | L18: 730658 | M18: Singapore | R18: Singaporean | S18: S7105888C | U18: K2675016P | V18: Male | W18: 25985 | AD18: NULL | AE18: Married | AF18: 0 | AG18: =VLOOKUP(D18,lookup!$A$2:$B$57,2,1) -> 0 | AH18: 0030 | AI18: NULL | AJ18: NULL
A19: GOH CHIEW PENG DORIS | B19: Employee | C19: PROCUREMENT | D19: PURCHASING MGR | E19: LIM HONG MENG | F19: dorisgoh@lingjack.com | G19: 90049288 | J19: BLK 504B MONTREAL DR #10-38 | L19: 752504 | M19: Singapore | R19: Singaporean | S19: S7420342F | U19: K4289324Z | V19: Female | W19: 27202 | AD19: NULL | AE19: Married | AF19: 0 | AG19: =VLOOKUP(D19,lookup!$A$2:$B$57,2,1) -> 0 | AH19: 0033 | AI19: William Goh | AJ19: 98430858
A20: GU MINGHUI | B20: Employee | C20: PRODUCTION | D20: PRODUCTION SPECIALIST III | E20: AUNG ZAW MIN | G20: 80234623 | J20: 1 WOODLANDS TERRACE | L20: 738471 | M20: Singapore | R20: China | S20: G8628897X | U20: EC7440264 | V20: Male | W20: 35953 | AD20: NULL | AE20: Single | AF20: 0 | AG20: =VLOOKUP(D20,lookup!$A$2:$B$57,2,1) -> 24 | AH20: 0203 | AI20: NULL | AJ20: NULL
A21: HAFIZ AMINULLAH BIN AB HALIM | B21: Employee | C21: LOGISTIC | D21: STORE KEEPER II | E21: TAN KHEM HIOK | G21: 82630998 | J21: 1 WOODLANDS TERRACE | L21: 738471 | M21: Singapore | R21: Malaysian | S21: G7553885K | U21: A58256880 | V21: Male | W21: 30892 | AD21: NULL | AE21: Married | AF21: 0 | AG21: =VLOOKUP(D21,lookup!$A$2:$B$57,2,1) -> 19 | AH21: 0034 | AI21: NULL | AJ21: NULL
A22: HASAN MAHEDI | B22: Employee | C22: SALES SERVICE | D22: TECHNICAL WORKER I | E22: TAN YI HUI | G22: 93909915 | J22: 1 WOODLANDS TERRACE | L22: 738471 | M22: Singapore | R22: Bangladeshi | S22: G2592127K | U22: BW0700991 | V22: Male | W22: 33703 | Y22: BANGLADESH | AD22: NULL | AE22: Single | AF22: 0 | AG22: =VLOOKUP(D22,lookup!$A$2:$B$57,2,1) -> 21 | AH22: 0457 | AI22: NULL | AJ22: NULL
A23: HEW MEI LING | B23: Employee | C23: SALES LOCAL | D23: SALES MANAGER | E23: OW SIEW MAY | F23: meilinghew@lingjack.com | G23: 92320675 | J23: 1 WOODLANDS TERRACE | L23: 738471 | M23: Singapore | R23: Malaysian | S23: S8565078E | U23: A61516445 | V23: Female | W23: 31076 | AD23: NULL | AE23: D | AF23: 0 | AG23: =VLOOKUP(D23,lookup!$A$2:$B$57,2,1) -> 0 | AH23: 0036 | AI23: Hew Kim Chen | AJ23: +6014 2222988
A24: HTAN LAN KHAING | B24: Employee | C24: SALES OVERSEA | D24: SALES & BUSINESS DEVELOPMENT ENGINEER | E24: YAP KAI CHONG | F24: htanlankhaing@lingjack.com | G24: 959975913087 | J24: 1 WOODLANDS TERRACE | L24: 738471 | M24: Singapore | R24: Myanmar | U24: MG152074 | V24: Male | W24: 30346 | AD24: NULL | AE24: Married | AF24: 0 | AG24: =VLOOKUP(D24,lookup!$A$2:$B$57,2,1) -> 0 | AH24: 0285 | AI24: NULL | AJ24: NULL
A25: KANG BEE CHING | B25: Employee | C25: ADMIN HR | D25: SNR HR EXECUTIVE | E25: CHAN SIEW PENG | F25: beechingkang@lingjack.com | G25: 97547618 | J25: BLK 552 CHOA CHU KANG ST 52 #02-43 | L25: 680552 | M25: Singapore | R25: Singaporean | S25: S7170640J | U25: K3560105A | V25: Female | W25: 26089 | AD25: NULL | AE25: Married | AF25: 0 | AG25: =VLOOKUP(D25,lookup!$A$2:$B$57,2,1) -> 0 | AH25: 0043 | AI25: Law Han Soon | AJ25: 97771385
A26: KHAIRUL AMMAR BIN NORDIN | B26: Employee | C26: PRODUCTION | D26: PRODUCTION WORKER III | E26: AUNG ZAW MIN | G26: 601127322741 | J26: 1 WOODLANDS TERRACE | L26: 738471 | M26: Singapore | R26: Malaysian | S26: M3673705T | U26: A71314557 | V26: Male | W26: 37073 | Y26: MALAYSIA | AD26: NULL | AE26: Single | AF26: 0 | AG26: =VLOOKUP(D26,lookup!$A$2:$B$57,2,1) -> 18 | AH26: 0514 | AI26: NULL | AJ26: NULL
A27: KOELAMBA KRISHNAN | B27: Employee | C27: PRODUCTION | D27: SECTION LEADER | E27: AUNG ZAW MIN | G27: 97340944 | J27: BLK 401 WOODLANDS ST 41 #03-26 | L27: 730401 | M27: Singapore | R27: Malaysian | S27: F7686327W | U27: A62009296 | V27: Female | W27: 22230 | AD27: NULL | AE27: Single | AF27: 0 | AG27: =VLOOKUP(D27,lookup!$A$2:$B$57,2,1) -> 29 | AH27: 0046 | AI27: NULL | AJ27: NULL
A28: KOH LIAN WAH | B28: Employee | C28: QAQC | D28: ASST ENGINEER | E28: MARIMUTHU SURESH KUMAR | F28: alexkoh@lingjack.com | G28: 90262309 | J28: BLK 424D YISHUN AVE 11 #08-316 | L28: 764424 | M28: Singapore | R28: Singaporean | S28: S7134767B | U28: E4498714E | V28: Male | W28: 26201 | AD28: NULL | AE28: Married | AF28: 0 | AG28: =VLOOKUP(D28,lookup!$A$2:$B$57,2,1) -> 32 | AH28: 0047 | AI28: Vincent Koh | AJ28: 98517388
A29: KWA SHI YUN | B29: Employee | C29: CS | D29: SR CS EXEC | E29: QUAH GEOK EAN | F29: sharonkwa@lingjack.com | G29: 81397758 | J29: BLK 218 YISHUN ST 21 #11-353 | L29: 760218 | M29: Singapore | R29: Singaporean | S29: S9429108I | U29: K3940596Z | V29: Female | W29: 34558 | Y29: SINGAPORE | AD29: NULL | AE29: Single | AF29: 0 | AG29: =VLOOKUP(D29,lookup!$A$2:$B$57,2,1) -> 0 | AH29: 0364 | AI29: NULL | AJ29: NULL
A30: LEE YEN MAY | B30: Employee | C30: SALES LOCAL | D30: SALES EXECUTIVE III | E30: OW SIEW MAY | F30: yenmaylee@lingjack.com | G30: 86961357 | J30: 1 WOODLANDS TERRACE | L30: 738471 | M30: Singapore | R30: Malaysian | S30: M4341428X | U30: A62955271 | V30: Female | W30: 35727 | Y30: MALAYSIA | AD30: NULL | AE30: Married | AF30: 0 | AG30: =VLOOKUP(D30,lookup!$A$2:$B$57,2,1) -> 0 | AH30: 0454 | AI30: NULL | AJ30: NULL
A31: LEROY SOH YI XIONG | B31: Employee | C31: SALES OVERSEA | D31: SALES EXECUTIVE, REGIONAL | E31: YAP KAI CHONG | F31: leroysoh@lingjack.com | G31: 92373618 | J31: BLK 102 BUKIT PURMEI RD #03-66 | L31: 90102 | M31: Singapore | R31: Singaporean | S31: S9124156J | U31: K3364190H | V31: Male | W31: 33426 | Y31: SINGAPORE | AD31: NULL | AE31: D | AF31: 0 | AG31: =VLOOKUP(D31,lookup!$A$2:$B$57,2,1) -> 0 | AH31: 0502 | AI31: NULL | AJ31: NULL
A32: LIAW ZHU YIK | B32: Employee | C32: ENGINEERING | D32: ENGINEER | E32: FUNG HOE ANN | F32: zhuyikliaw@lingjack.com | G32: 91345774 | J32: BLK 214 LOR 8 TOA PAYOH #17-733 | L32: 310214 | M32: Singapore | R32: Malaysian | S32: S9580222B | U32: A70678317 | V32: Male | W32: 34700 | Y32: MALAYSIA | AD32: NULL | AE32: Single | AF32: 0 | AG32: =VLOOKUP(D32,lookup!$A$2:$B$57,2,1) -> 36 | AH32: 0209 | AI32: NULL | AJ32: NULL
A33: LIM AI ENG IVY | B33: Employee | C33: CS | D33: MANAGER | E33: QUAH GEOK EAN | F33: ivy@lingjack.com | G33: 94370137 | J33: BLK 237 YISHUN RING RD #03-1024 | L33: 760237 | M33: Singapore | R33: Singaporean | S33: S8209723F | U33: K4061651B | V33: Female | W33: 30052 | AD33: NULL | AE33: Married | AF33: 0 | AG33: =VLOOKUP(D33,lookup!$A$2:$B$57,2,1) -> 0 | AH33: 0055 | AI33: GOH CHEE LOON | AJ33: 94781983
A34: LIM HONG MENG | B34: Employee | C34: PROCUREMENT | D34: PURCHASING DIRECTOR | E34: LIM KOK KHENG | F34: hongmeng@lingjack.com | G34: 98270680 | J34: 6 JALAN DERUM | L34: 759419 | M34: Singapore | R34: Singaporean | S34: S7005351I | U34: K3899880R | V34: Female | W34: 25611 | AD34: NULL | AE34: Married | AF34: 0 | AG34: =VLOOKUP(D34,lookup!$A$2:$B$57,2,1) -> 0 | AH34: 0060 | AI34: Er Hwee Lin | AJ34: 96930361
A35: LIM KOK KHENG | B35: Employee | C35: MGT | D35: MANAGING DIRECTOR | E35: LIM HONG MENG | F35: kenneth@lingjack.com | G35: 96173941 | J35: 56 JLN KEMUNING | L35: 769778 | M35: Singapore | R35: Singaporean | S35: S7217561A | U35: K3808456B | V35: Male | W35: 26419 | AD35: NULL | AE35: Married | AF35: 0 | AG35: =VLOOKUP(D35,lookup!$A$2:$B$57,2,1) -> 0 | AH35: 0063 | AI35: Lim Swee Fong | AJ35: 96173941
A36: LIM KOK MENG | B36: Employee | C36: PRODUCTION | D36: PLANT DIRECTOR | E36: LIM KOK KHENG | F36: lawrencelim@lingjack.com | G36: 97390092 | J36: 2D JALAN KEMUNING | L36: 769725 | M36: Singapore | R36: Singaporean | S36: S7217560C | U36: K2296594A | V36: Male | W36: 26419 | AD36: NULL | AE36: Married | AF36: 0 | AG36: =VLOOKUP(D36,lookup!$A$2:$B$57,2,1) -> 0 | AH36: 0064 | AI36: NULL | AJ36: NULL
A37: LIM KOK SIONG | B37: Employee | C37: MGT | D37: EXE DIRECTOR | E37: LIM KOK KHENG | F37: koksiong@lingjack.com | G37: 97348586 | J37: 27 JlN LEGUNDI | L37: 759283 | M37: Singapore | R37: Singaporean | S37: S7104234J | U37: K2339084G | V37: Male | W37: 25964 | Y37: SINGAPORE | AD37: NULL | AE37: Married | AF37: 0 | AG37: =VLOOKUP(D37,lookup!$A$2:$B$57,2,1) -> 36 | AH37: 0352 | AI37: NULL | AJ37: NULL
A38: LIM MEI QI | B38: Employee | C38: SALES LOCAL | D38: SALES SUPPORT COORDINATOR | E38: OW SIEW MAY | F38: meiqilim@lingjack.com | G38: 80643631 | J38: 1 WOODLANDS TERRACE | L38: 738471 | M38: Singapore | R38: Malaysian | S38: M3246526Q | U38: A57112365 | V38: Female | W38: 35985 | AD38: NULL | AE38: Single | AF38: 0 | AG38: =VLOOKUP(D38,lookup!$A$2:$B$57,2,1) -> 0 | AH38: 0451 | AI38: NULL | AJ38: NULL
A39: LIM SUEI KIAT | B39: Employee | C39: MGT | D39: MANAGING DIRECTOR | E39: LIM KOK KHENG | G39: 96339400 | J39: 27 JLN LEGUNDI | L39: 759283 | M39: Singapore | R39: Singaporean | S39: S1059331Z | U39: K5609680B | V39: Male | W39: 15883 | AD39: NULL | AE39: Married | AF39: 0 | AG39: =VLOOKUP(D39,lookup!$A$2:$B$57,2,1) -> 0 | AH39: 0069 | AI39: NULL | AJ39: NULL
A40: LIN WUZHU | B40: Employee | C40: PRODUCTION | D40: PRODUCTION SPECIALIST I | E40: AUNG ZAW MIN | G40: 85558753 | J40: 1 WOODLANDS TERRACE | L40: 738471 | M40: Singapore | R40: China | S40: G7739664R | U40: EF1579610 | V40: Male | W40: 27827 | AD40: NULL | AE40: Married | AF40: 0 | AG40: =VLOOKUP(D40,lookup!$A$2:$B$57,2,1) -> 24 | AH40: 0072 | AI40: NULL | AJ40: NULL
A41: LIU JIAN | B41: Employee | C41: PRODUCTION | D41: PRODUCTION WORKER I | E41: AUNG ZAW MIN | G41: 82499828 | J41: 1 WOODLANDS TERRACE | L41: 738471 | M41: Singapore | R41: China | S41: G2849082N | U41: EN6414660 | V41: Male | W41: 29446 | AD41: NULL | AE41: Married | AF41: 0 | AG41: =VLOOKUP(D41,lookup!$A$2:$B$57,2,1) -> 18 | AH41: 0073 | AI41: NULL | AJ41: NULL
A42: LO WAI HOU | B42: Employee | C42: PRODUCTION | D42: ASST SUPERVISOR | E42: LIM KOK MENG | F42: waihoulo@lingjack.com | G42: 94782688 | J42: BLK 121 PAYA LEBAR WAY #02-2829 | L42: 381121 | M42: Singapore | R42: Malaysian | S42: S8158958E | U42: H60593178 | V42: Male | W42: 29694 | AD42: NULL | AE42: Married | AF42: 0 | AG42: =VLOOKUP(D42,lookup!$A$2:$B$57,2,1) -> 40 | AH42: 0076 | AI42: NULL | AJ42: NULL
A43: LO WAI HUNG | B43: Employee | C43: PRODUCTION | D43: PRODUCTION SPECIALIST III | E43: AUNG ZAW MIN | G43: 86989447 | J43: 1 WOODLANDS TERRACE | L43: 738471 | M43: Singapore | R43: Malaysian | S43: G7008742T | U43: H62381693 | V43: Male | W43: 28030 | AD43: NULL | AE43: Married | AF43: 0 | AG43: =VLOOKUP(D43,lookup!$A$2:$B$57,2,1) -> 24 | AH43: 0077 | AI43: NULL | AJ43: NULL
A44: MARIA MAGDALENA | B44: Employee | C44: SALES SERVICE | D44: SR SALES EXECUTIVE | E44: TAN YI HUI | F44: maria@lingjack.com | G44: 90062191 | J44: BLK 503 BT BATOK ST 52 #07-161 | L44: 650503 | M44: Singapore | R44: Indonesian | S44: G3154891N | U44: X2761334 | V44: Female | W44: 33383 | AC44: 0 0836625- | AD44: 46621 | AE44: Single | AF44: 0 | AG44: =VLOOKUP(D44,lookup!$A$2:$B$57,2,1) -> 0 | AH44: 0430 | AI44: NULL | AJ44: NULL
A45: MARIMUTHU SURESH KUMAR | B45: Employee | C45: QAQC | D45: ENGINEER | E45: LIM KOK MENG | F45: sureshkumar@lingjack.com | G45: 82450575 | J45: BLK 722 WOODLANDS AVE 6 #10-540 | L45: 730722 | M45: Singapore | R45: Indian | S45: G7515278M | U45: V6145570 | V45: Male | W45: 25338 | AC45: 0 32887848 | AD45: 46611 | AE45: Married | AF45: 0 | AG45: =VLOOKUP(D45,lookup!$A$2:$B$57,2,1) -> 36 | AH45: 0080 | AI45: S.A.KANNAGI | AJ45: +918807039702
A46: MD REPON | B46: Employee | C46: MAINTENANCE & RENO CONTRACTING | D46: CONSTRUCTION WORKER | E46: CHAN SIEW PENG | J46: 1 WOODLANDS TERRACE | L46: 738471 | M46: Singapore | R46: Bangladeshi | S46: G8399697N | U46: A08372876 | V46: Male | W46: 30980 | Y46: BANGLADESH | AD46: NULL | AE46: Married | AF46: 0 | AG46: =VLOOKUP(D46,lookup!$A$2:$B$57,2,1) -> 19 | AH46: 0509 | AI46: NULL | AJ46: NULL
A47: MOHAMAD RIDZUAN BIN MISBAH | B47: Employee | C47: SALES SERVICE | D47: TECHNICAL WORKER III | E47: TAN YI HUI | G47: 87433343 | J47: 1 WOODLANDS TERRACE | L47: 738471 | M47: Singapore | R47: Malaysian | S47: M3024335P | U47: A61815769 | V47: Male | W47: 35763 | Y47: MALAYSIA | AD47: NULL | AE47: Married | AF47: 0 | AG47: =VLOOKUP(D47,lookup!$A$2:$B$57,2,1) -> 21 | AH47: 0473 | AI47: NULL | AJ47: NULL
A48: MOHD RAZIF BIN MHD RUBIAH | B48: Employee | C48: SALES SERVICE | D48: ASST SUPERVISOR | E48: TAN YI HUI | G48: 88586212 | J48: 1 WOODLANDS TERRACE | L48: 738471 | M48: Singapore | R48: Malaysian | S48: G7458921P | U48: A61796087 | V48: Male | W48: 30842 | AD48: NULL | AE48: Married | AF48: 0 | AG48: =VLOOKUP(D48,lookup!$A$2:$B$57,2,1) -> 40 | AH48: 0084 | AI48: NULL | AJ48: NULL
A49: MORGAN CHENGODAN | B49: Employee | C49: PRODUCTION | D49: PRODUCTION SPECIALIST III | E49: AUNG ZAW MIN | G49: 90683593 | J49: BLK 401 WOODLANDS ST 41 #03-26 | L49: 730401 | M49: Singapore | R49: Malaysian | S49: F7789388K | U49: A52406839 | V49: Male | W49: 22940 | AD49: NULL | AE49: Married | AF49: 0 | AG49: =VLOOKUP(D49,lookup!$A$2:$B$57,2,1) -> 24 | AH49: 0085 | AI49: NULL | AJ49: NULL
A50: MUHAMMAD HAKIMI BIN ROHANI | B50: Employee | C50: PRODUCTION | D50: PRODUCTION WORKER III | E50: AUNG ZAW MIN | G50: 83190467 | J50: 1 WOODLANDS TERRACE | L50: 738471 | M50: Singapore | R50: Malaysian | S50: M3350959J | U50: A59715852 | V50: Male | W50: 38210 | Y50: MALAYSIA | AD50: NULL | AE50: Single | AF50: 0 | AG50: =VLOOKUP(D50,lookup!$A$2:$B$57,2,1) -> 18 | AH50: 0467 | AI50: NULL | AJ50: NULL
A51: MUHAMMAD HANIF BIN ROHANI | B51: Employee | C51: SALES SERVICE | D51: TECHNICAL WORKER I | E51: TAN YI HUI | G51: 83729655 | J51: 1 WOODLANDS TERRACE | L51: 738471 | M51: Singapore | R51: Malaysian | S51: G8526917N | U51: A55430345 | V51: Male | W51: 34779 | Y51: MALAYSIA | AD51: NULL | AE51: Married | AF51: 0 | AG51: =VLOOKUP(D51,lookup!$A$2:$B$57,2,1) -> 21 | AH51: 0346 | AI51: NULL | AJ51: NULL
A52: MUHAMMAD HAZIQ BIN ROHANI | B52: Employee | C52: LOGISTIC | D52: STORE ASST II | E52: TAN KHEM HIOK | F52: haziqbatupahat@gmail.com | G52: 84040761 | J52: 1 WOODLANDS TERRACE | L52: 738471 | M52: Singapore | R52: Malaysian | S52: G8570954U | U52: 55295168 | V52: Male | W52: 36247 | Y52: MALAYSIA | AD52: NULL | AE52: Married | AF52: 0 | AG52: =VLOOKUP(D52,lookup!$A$2:$B$57,2,1) -> 19 | AH52: 0345 | AI52: NULL | AJ52: NULL
A53: MUHAMMAD ZUKRI BIN MUSTAFA | B53: Employee | C53: SALES SERVICE | D53: TECHNICAL WORKER II | E53: TAN YI HUI | G53: 84185388 | J53: 1 WOODLANDS TERRACE | L53: 738471 | M53: Singapore | R53: Malaysian | S53: M3420654J | U53: A58099451 | V53: Male | W53: 33863 | Y53: MALAYSIA | AD53: NULL | AE53: Single | AF53: 0 | AG53: =VLOOKUP(D53,lookup!$A$2:$B$57,2,1) -> 21 | AH53: 0479 | AI53: NULL | AJ53: NULL
A54: NATARAJAN ARAVINDHAN | B54: Employee | C54: CS | D54: DRIVER III | E54: QUAH GEOK EAN | G54: 98680615 | J54: 1 WOODLANDS TERRACE | L54: 738471 | M54: Singapore | R54: Indian | S54: G2448277X | U54: W6972502 | V54: Male | W54: 34448 | Y54: INDIA | AD54: NULL | AE54: Single | AF54: 0 | AG54: =VLOOKUP(D54,lookup!$A$2:$B$57,2,1) -> 22 | AH54: 0444 | AI54: NULL | AJ54: NULL
A55: NG RANGER | B55: Employee | C55: PRODUCTION | D55: PRODUCTION WORKER II | E55: AUNG ZAW MIN | G55: 88798399 | J55: BLK 645 WOODLANDS RING RD #02-10 | L55: 730645 | M55: Singapore | R55: Malaysian | S55: M3079472Q | U55: A59087240 | V55: Male | W55: 37119 | Y55: MALAYSIA | AD55: NULL | AE55: Single | AF55: 0 | AG55: =VLOOKUP(D55,lookup!$A$2:$B$57,2,1) -> 18 | AH55: 0419 | AI55: NULL | AJ55: NULL
A56: NG SIONG WOOI | B56: Employee | C56: LOGISTIC | D56: STORE KEEPER II | E56: TAN KHEM HIOK | G56: 93919186 | J56: BLK 214 BISHAN ST 23 #09-217 | L56: 570214 | M56: Singapore | R56: Malaysian | S56: S8569094I | U56: A55214626 | V56: Male | W56: 31382 | AD56: NULL | AE56: Married | AF56: 0 | AG56: =VLOOKUP(D56,lookup!$A$2:$B$57,2,1) -> 19 | AH56: 0086 | AI56: NULL | AJ56: NULL
A57: NGIN WEI CHUAN | B57: Employee | C57: ENGINEERING | D57: ENGINEER | E57: FUNG HOE ANN | F57: weichuanngin@lingjack.com | G57: 86435083 | J57: BLK 325 SEMBAWANG CRESCENT #04-62 | L57: 750325 | M57: Singapore | R57: Malaysian | S57: S9587084H | U57: A62124207 | V57: Male | W57: 34850 | Y57: MALAYSIA | AD57: NULL | AE57: Single | AF57: 0 | AG57: =VLOOKUP(D57,lookup!$A$2:$B$57,2,1) -> 36 | AH57: 0308 | AI57: NULL | AJ57: NULL
A58: NURAIN BIN SELAMAT | B58: Employee | C58: PRODUCTION | D58: PRODUCTION WORKER III | E58: AUNG ZAW MIN | G58: 98929350 | J58: 1 WOODLANDS TERRACE | L58: 738471 | M58: Singapore | R58: Malaysian | S58: M3545458J | U58: A59874808 | V58: Male | W58: 36487 | Y58: MALAYSIA | AD58: NULL | AE58: Married | AF58: 0 | AG58: =VLOOKUP(D58,lookup!$A$2:$B$57,2,1) -> 18 | AH58: 0494 | AI58: NULL | AJ58: NULL
A59: OH KHIAN THO | B59: Employee | C59: PRODUCTION | D59: PRODUCTION WORKER II | E59: TAN THAU YAP | J59: BLK 117 YISHUN RING RD #05-599 | L59: 760117 | M59: Singapore | R59: Singaporean | S59: S1131643C | U59: K5201904P | V59: Male | W59: 20208 | AD59: NULL | AE59: Married | AF59: 0 | AG59: =VLOOKUP(D59,lookup!$A$2:$B$57,2,1) -> 18 | AH59: 0088 | AI59: NULL | AJ59: NULL
A60: OW SIEW MAY | B60: Employee | C60: SALES LOCAL | D60: SALES DIRECTOR | E60: LIM KOK KHENG | F60: mayow@lingjack.com | G60: 97994306 | J60: BLK 762 WOODLANDS AVE 6 #02-78 | L60: 730762 | M60: Singapore | R60: Singaporean | S60: S7246044H | U60: K3897678A | V60: Female | W60: 26635 | AD60: NULL | AE60: D | AF60: 0 | AG60: =VLOOKUP(D60,lookup!$A$2:$B$57,2,1) -> 0 | AH60: 0089 | AI60: LOOI EN QI | AJ60: 84880625
A61: PAY NIEN TSU | B61: Employee | C61: SALES LOCAL | D61: SALES EXECUTIVE II | E61: OW SIEW MAY | F61: emilypay@lingjack.com | G61: 87919665 | J61: 1 WOODLANDS TERRACE | L61: 738471 | M61: Singapore | R61: Malaysian | S61: M4353805L | U61: A58262372 | V61: Female | W61: 30837 | Y61: MALAYSIA | AD61: NULL | AE61: D | AF61: 0 | AG61: =VLOOKUP(D61,lookup!$A$2:$B$57,2,1) -> 0 | AH61: 0459 | AI61: NULL | AJ61: NULL
A62: PHYO THU YANE | B62: Employee | C62: PRODUCTION | D62: ASST ENGINEER | E62: LIM KOK MENG | F62: tang@lingjack.com | G62: 90365865 | J62: 54 CHOA CHU KANG NORTH 7 #05-36 REGENT GROVE | L62: 689529 | M62: Singapore | R62: Myanmar | S62: M4266702U | U62: MJ321755 | V62: Male | W62: 35180 | Y62: MYANMAR | AC62: 0 95317286 | AD62: 46180 | AE62: Single | AF62: 0 | AG62: =VLOOKUP(D62,lookup!$A$2:$B$57,2,1) -> 32 | AH62: 0428 | AI62: NULL | AJ62: NULL
A63: POON HUI JIAN | B63: Employee | C63: CS | D63: CS EXEC II | E63: QUAH GEOK EAN | F63: huijianpoon@lingjack.com | G63: 93902293 | J63: BLK 782D WOODLANDS CRESCENT #15-345 | L63: 734782 | M63: Singapore | R63: Malaysian | S63: M4228799N | U63: A55657941 | V63: Female | W63: 33988 | Y63: MALAYSIA | AD63: NULL | AE63: Single | AF63: 0 | AG63: =VLOOKUP(D63,lookup!$A$2:$B$57,2,1) -> 0 | AH63: 0415 | AI63: NULL | AJ63: NULL
A64: QUAH GEOK EAN | B64: Employee | C64: CS | D64: SNR CS MANAGER | E64: LIM KOK KHENG | F64: juliequah@lingjack.com | G64: 97832812 | J64: 11 FERNVALE CLOSE #17-03 | L64: 797475 | M64: Singapore | R64: Malaysian | S64: S7989573C | U64: A61681058 | V64: Female | W64: 29060 | AD64: NULL | AE64: Single | AF64: 0 | AG64: =VLOOKUP(D64,lookup!$A$2:$B$57,2,1) -> 0 | AH64: 0094 | AI64: NULL | AJ64: NULL
A65: RAMALINGGAM SUBRAMANIUM | B65: Employee | C65: SALES SERVICE | D65: TECHNICAL WORKER III | E65: TAN YI HUI | G65: 83053256 | J65: 1 WOODLANDS TERRACE | L65: 738471 | M65: Singapore | R65: Malaysian | S65: G2426592M | U65: A57674951 | V65: Male | W65: 34668 | Y65: MALAYSIA | AD65: NULL | AE65: Single | AF65: 0 | AG65: =VLOOKUP(D65,lookup!$A$2:$B$57,2,1) -> 21 | AH65: 0521 | AI65: NULL | AJ65: NULL
A66: RENGASAMY SARAVANAN | B66: Employee | C66: SALES SERVICE | D66: RIGGER/CABLE SPLICER | E66: TAN YI HUI | G66: 85756787 | J66: 1 WOODLANDS TERRACE | L66: 738471 | M66: Singapore | R66: Indian | S66: G8171269M | U66: Y8024195 | V66: Male | W66: 30803 | Y66: INDIA | AD66: NULL | AE66: Married | AF66: 0 | AG66: =VLOOKUP(D66,lookup!$A$2:$B$57,2,1) -> 21 | AH66: 0413 | AI66: NULL | AJ66: NULL
A67: SHANMUGAM PALANIYAPPAN | B67: Employee | C67: CS | D67: DRIVER III | E67: QUAH GEOK EAN | G67: 86505213 | J67: 1 WOODLANDS TERRACE | L67: 738471 | M67: Singapore | R67: Indian | S67: G8859278L | U67: S6994754 | V67: Male | W67: 36823 | Y67: INDIA | AD67: NULL | AE67: Single | AF67: 0 | AG67: =VLOOKUP(D67,lookup!$A$2:$B$57,2,1) -> 22 | AH67: 0520 | AI67: NULL | AJ67: NULL
A68: SHARIF MD OSMAN | B68: Employee | C68: SALES SERVICE | D68: TECHNICAL WORKER I | E68: TAN YI HUI | G68: 89295244 | J68: 1 WOODLANDS TERRACE | L68: 738471 | M68: Singapore | R68: Bangladeshi | S68: G8782385M | U68: EK0784649 | V68: Male | W68: 36448 | Y68: BANGLADESH | AD68: NULL | AE68: Single | AF68: 0 | AG68: =VLOOKUP(D68,lookup!$A$2:$B$57,2,1) -> 21 | AH68: 0446 | AI68: NULL | AJ68: NULL
A69: SIVAKUMAR VASUDEVAN | B69: Employee | C69: PRODUCTION | D69: PRODUCTION SPECIALIST III | E69: AUNG ZAW MIN | G69: 86962803 | J69: 1 WOODLANDS TERRACE | L69: 738471 | M69: Singapore | R69: Malaysian | S69: G6816599M | U69: A58096766 | V69: Male | W69: 28882 | AD69: NULL | AE69: Married | AF69: 0 | AG69: =VLOOKUP(D69,lookup!$A$2:$B$57,2,1) -> 24 | AH69: 0103 | AI69: NULL | AJ69: NULL
A70: TAI SIAO MEE | B70: Employee | C70: ACCOUNTS | D70: MANAGER | E70: TEYOH HUEY LING | F70: sophietai@lingjack.com | G70: 86129739 | J70: BLK 693A WOODLANDS AVE 6 #06-707 | L70: 731693 | M70: Singapore | R70: Malaysian | S70: S8578271A | U70: A53798916 | V70: Female | W70: 31138 | AD70: NULL | AE70: Single | AH70: 0105 | AI70: NULL | AJ70: NULL
A71: TAM CHIOU WAH | B71: Employee | C71: ADMIN HR | D71: CLEANER | E71: CHAN SIEW PENG | G71: 81196394 | J71: 1 WOODLANDS TERRACE | L71: 738471 | M71: Singapore | R71: Malaysian | S71: F1043825W | U71: A57409697 | V71: Female | W71: 25818 | Y71: MALAYSIA | AD71: NULL | AE71: Married | AH71: 0440 | AI71: NULL | AJ71: NULL
A72: TAN BEI SHAN | B72: Employee | C72: PROCUREMENT | D72: PURCHASING ASSISTANT | E72: LIM HONG MENG | F72: ashleytan@lingjack.com | G72: 92301517 | J72: BLK 717 WOODLANDS DR 70 #03-16 | L72: 730717 | M72: Singapore | R72: Malaysian | S72: G8818007R | U72: A58930417 | V72: Female | W72: 34471 | Y72: MALAYSIA | AC72: 4 06962113 | AD72: 46437 | AE72: Single | AH72: 0423 | AI72: NULL | AJ72: NULL
A73: TAN KHEM HIOK | B73: Employee | C73: LOGISTIC | D73: SECTION LEADER | E73: LIM KOK MENG | F73: khemhiok@lingjack.com | G73: 84362938 | J73: 1 WOODLANDS TERRACE | L73: 738471 | M73: Singapore | R73: Malaysian | S73: F7016194W | U73: A62379778 | V73: Male | W73: 25604 | AC73: 5 15532897 | AD73: 45702 | AE73: Married | AH73: 0106 | AI73: NULL | AJ73: NULL
A74: TAN LI WOON | B74: Employee | C74: ACCOUNTS | D74: ACCOUNTS ASS I | E74: TEYOH HUEY LING | F74: erintan@lingjack.com | G74: 91484260 | J74: BLK 626 WOODLANDS AVE 6 #08-878 | L74: 730626 | M74: Singapore | R74: Malaysian | S74: G4131670K | U74: A72103530 | V74: Female | W74: 36414 | Y74: MALAYSIA | AD74: NULL | AE74: Single | AH74: 0450 | AI74: NULL | AJ74: NULL
A75: TAN THAU YAP | B75: Employee | C75: PRODUCTION | D75: TECHNICAL DIRECTOR | E75: LIM KOK MENG | F75: tauyap@lingjack.com | G75: 96261017 | J75: BLK 627 CHOA CHU KANG ST 62 #07-150 | L75: 680627 | M75: Singapore | R75: Singaporean | S75: S1217252D | U75: K3101914G | V75: Male | W75: 20723 | AD75: NULL | AE75: Married | AH75: 0109 | AI75: NULL | AJ75: NULL
A76: TAN WEI TECK | B76: Employee | C76: PRODUCTION | D76: PRODUCTION WORKER I | E76: AUNG ZAW MIN | G76: 88902001 | J76: 1 WOODLANDS TERRACE | L76: 738471 | M76: Singapore | R76: Malaysian | S76: G2042177R | U76: A61154136 | V76: Male | W76: 30823 | Y76: MALAYSIA | AD76: NULL | AE76: Single | AH76: 0145 | AI76: NULL | AJ76: NULL
A77: TAN YI HUI | B77: Employee | C77: SALES SERVICE | D77: SR MGR | E77: LIM KOK KHENG | F77: racheltan@lingjack.com | G77: 97466505 | J77: BLK 2 MARSILING DR #08-31 | L77: 730002 | M77: Singapore | R77: Malaysian | S77: S8868994A | U77: A55188366 | V77: Female | W77: 32192 | AD77: NULL | AE77: Married | AH77: 0110 | AI77: NULL | AJ77: NULL
A78: TEYOH HUEY LING | B78: Employee | C78: ACCOUNTS | D78: FINANCE DIRECTOR | E78: LIM KOK KHENG | F78: hueyling@lingjack.com | G78: 91080196 | J78: BLK 42 CANBERRA DR #03-07 | L78: 768434 | M78: Singapore | R78: Malaysian | S78: S6978299Z | U78: A58789045 | V78: Female | W78: 25463 | AD78: NULL | AE78: Single | AH78: 0113 | AI78: NULL | AJ78: NULL
A79: THANGARAJ BALAMURUGAN | B79: Employee | C79: PRODUCTION | D79: WELDER AND FLAME CUTTER | E79: AUNG ZAW MIN | G79: 98834167 | J79: Blk 660 Woodlands Ring Road #12-136 | L79: 730660 | M79: Singapore | R79: Indian | S79: M4221453U | U79: S7498684 | V79: Male | W79: 32959 | AC79: 0 38689274 | AD79: 45386 | AE79: Married | AH79: 0409 | AI79: NULL | AJ79: NULL
A80: THANGARAJ SUDHAHAR | B80: Employee | C80: PRODUCTION | D80: SHEET METAL WORKER | E80: AUNG ZAW MIN | G80: 82150236 | J80: BLK 660 WOODLANDS RING RD #12-136 | L80: 730660 | M80: Singapore | R80: Indian | S80: M3399917P | U80: AI591219 | V80: Male | W80: 35372 | AD80: NULL | AE80: Married | AH80: 0475 | AI80: NULL | AJ80: NULL
A81: TOH SING HANG | B81: Employee | C81: PRODUCTION | D81: ASST SUPERVISOR | E81: AUNG ZAW MIN | G81: 94778202 | J81: 1 WOODLANDS TERRACE | L81: 738471 | M81: Singapore | R81: Malaysian | S81: S8388288C | U81: A62717576 | V81: Male | W81: 30438 | AD81: NULL | AE81: Married | AH81: 0116 | AI81: NULL | AJ81: NULL
A82: V VIJAYAKUMAR VASU DEVAN | B82: Employee | C82: LOGISTIC | D82: STORE KEEPER II | E82: TAN KHEM HIOK | F82: kumar@lingjack.com | G82: 84104450 | J82: 1 WOODLANDS TERRACE | L82: 738471 | M82: Singapore | R82: Malaysian | S82: G7744956L | U82: A58166597 | V82: Male | W82: 31006 | AD82: NULL | AE82: Married | AH82: 0117 | AI82: NULL | AJ82: NULL
A83: VIVIAN LIM XIN YING | B83: Employee | C83: ADMIN HR | D83: HR ASSISTANT | E83: CHAN SIEW PENG | F83: hr-admin@lingjack.com | G83: 83742919 | J83: BLK 689C WOODLANDS DR 75 #06-112 | L83: 733689 | M83: Singapore | R83: Malaysian | S83: M4297917U | U83: A54917286 | V83: Female | W83: 36018 | Y83: MALAYSIA | AD83: NULL | AE83: Single | AH83: 0435 | AI83: NULL | AJ83: NULL
A84: WONG KAR FUI | B84: Employee | C84: PRODUCTION | D84: PRODUCTION WORKER I | E84: AUNG ZAW MIN | G84: 84543870 | J84: 1 WOODLANDS TERRACE | L84: 738471 | M84: Singapore | R84: Malaysian | S84: G2370367Q | U84: A56366863 | V84: Male | W84: 33619 | AD84: NULL | AE84: Single | AH84: 0147 | AI84: NULL | AJ84: NULL
A85: YANG PEI YUN | B85: Employee | C85: CS | D85: SNR CS EXECUTIVE | E85: QUAH GEOK EAN | F85: peiyunyang@lingjack.com | G85: 83866941 | J85: BLK 341 BT BATOK ST 34 #09-56 | L85: 650341 | M85: Singapore | R85: Singaporean | S85: S8663204G | U85: K4301309Z | V85: Female | W85: 31753 | AD85: NULL | AE85: Married | AH85: 0214 | AI85: NULL | AJ85: NULL
A86: YAP KAI CHONG | B86: Employee | C86: SALES OVERSEA | D86: SR MGR | E86: LIM KOK KHENG | F86: kenyap@lingjack.com | G86: 82884791 | J86: BLK 17A CIRCUIT RD #15-202 | L86: 371017 | M86: Singapore | R86: Singaporean | S86: S8501611C | U86: K5492577A | V86: Male | W86: 31054 | AD86: NULL | AE86: Married | AH86: 0123 | AI86: NULL | AJ86: NULL
A87: YEAP PEI WOON | B87: Employee | C87: SALES LOCAL | D87: ASST MGR | E87: OW SIEW MAY | F87: winnie@lingjack.com | G87: 96624669 | J87: BLK 320 YISHUN CENTRAL #08-331 | L87: 760320 | M87: Singapore | R87: Malaysian | S87: S8955400D | U87: A61990481 | V87: Female | W87: 32709 | AD87: NULL | AE87: Married | AH87: 0124 | AI87: NULL | AJ87: NULL
A88: YIN DEZHUANG | B88: Employee | C88: PRODUCTION | D88: WELDER AND FLAME CUTTER | E88: AUNG ZAW MIN | G88: 96519270 | J88: 1 WOODLANDS TERRACE | L88: 738471 | M88: Singapore | R88: China | S88: G2351913K | U88: EB4595023 | V88: Male | W88: 28635 | Y88: CHINA | AD88: NULL | AE88: Married | AH88: 0513 | AI88: NULL | AJ88: NULL
A89: ZHAO JIANGBO | B89: Employee | C89: PRODUCTION | D89: PRODUCTION WORKER I | E89: AUNG ZAW MIN | G89: 84623106 | J89: 1 WOODLANDS TERRACE | L89: 738471 | M89: Singapore | R89: China | S89: G8994333M | U89: EF1764961 | V89: Male | W89: 29174 | Y89: CHINA | AD89: NULL | AE89: Married | AH89: 0372 | AI89: NULL | AJ89: NULL
A90: ZHENG ZUFANG | B90: Employee | C90: PRODUCTION | D90: PRODUCTION SPECIALIST III | E90: AUNG ZAW MIN | G90: 83601980 | J90: 1 WOODLANDS TERRACE | L90: 738471 | M90: Singapore | R90: China | S90: G2471594P | U90: EL0525976 | V90: Male | W90: 34443 | AD90: NULL | AE90: Single | AH90: 0129 | AI90: NULL | AJ90: NULL
A91: ZHUANG JIANFA | B91: Employee | C91: PRODUCTION | D91: PRODUCTION WORKER I | E91: AUNG ZAW MIN | G91: 98407966 | J91: 1 WOODLANDS TERRACE | L91: 738471 | M91: Singapore | R91: China | S91: G8080034M | U91: E94332904 | V91: Male | W91: 28535 | Y91: CHINA | AD91: NULL | AE91: Married | AH91: 0373 | AI91: NULL | AJ91: NULL
A92: CHAN KOK CHOONG | B92: Employee | C92: LJ FIRE | D92: EXECUTIVE DIRECTOR | E92: LIM KOK KHENG | F92: samchan@lingjack.com | G92: 97487489 | J92: 34 KEPPEL BAY DR #03-67 CARIBBEAN AT KEPPEL BAY | L92: 98652 | M92: Singapore | R92: Singaporean | S92: S7048029H | U92: K5451972B | V92: Male | W92: 25848 | AD92: NULL | AE92: Married | AF92: 0 | AG92: =VLOOKUP(D92,lookup!$A$2:$B$57,2,1) -> 36 | AH92: 0009 | AI92: NULL | AJ92: NULL
A93: PHUNG SUNG WANG STANLEY | B93: Employee | C93: LJ FIRE | D93: MANAGER | E93: CHAN KOK CHOONG | F93: stanleyphung@lingjack.com | G93: 98463930 | J93: BLK 209 TAMPINES ST 21 #03-1325 | L93: 520209 | M93: Singapore | R93: Singaporean | S93: S8116986A | U93: K2362609A | V93: Male | W93: 29748 | AD93: NULL | AE93: Single | AF93: 0 | AG93: =VLOOKUP(D93,lookup!$A$2:$B$57,2,1) -> 0 | AH93: 0092 | AI93: NULL | AJ93: NULL
A94: GANESAN A/L K SUPRAMANIAM | B94: Employee | C94: LJD | D94: CLEANER | E94: LIEW CHEN KIANG | G94: 82662120 | J94: 1 WOODLANDS TERRACE | L94: 738471 | M94: Singapore | R94: Malaysian | S94: F8048193N | U94: A55303330 | V94: Male | W94: 26374 | Y94: MALAYSIA | AD94: NULL | AE94: Single | AF94: 0 | AG94: =VLOOKUP(D94,lookup!$A$2:$B$57,2,1) -> 0 | AH94: 0338 | AI94: NULL | AJ94: NULL
A95: LIEW CHEN KIANG | B95: Employee | C95: LJD | D95: SR MGR, PDT DEV'T | E95: LIM KOK KHENG | F95: adrianliew@lingjack.com | G95: 92702490 | J95: BLK 123 MCNAIR RD #13-17 | L95: 320123 | M95: Singapore | R95: Singaporean | S95: S7142055H | U95: E7010510N | V95: Male | W95: 26265 | Y95: MALAYSIA | AD95: NULL | AE95: Married | AF95: 0 | AG95: =VLOOKUP(D95,lookup!$A$2:$B$57,2,1) -> 0 | AH95: 0189 | AI95: NULL | AJ95: NULL
A96: ARKAR KYAW | B96: Employee | C96: LJ DT | D96: RIGGER/CABLE SPLICER | E96: ER HWEE LIN | G96: 90554501 | J96: 1 WOODLANDS TERRACE | L96: 738471 | M96: Singapore | R96: Myanmar | S96: M3460658N | U96: MH674511 | V96: Male | W96: 33902 | Y96: MYANMAR | AD96: NULL | AE96: Single | AF96: 0 | AG96: 21 | AH96: 0482 | AI96: NULL | AJ96: NULL
A97: AUNG THIHA SOE | B97: Employee | C97: LJ DT | D97: TECHNICIAN I | E97: ER HWEE LIN | F97: jamesaung@lingjack.com | G97: 81938165 | J97: BLK 511 Woodlands Dr 14 #01-57 | L97: 730511 | M97: Singapore | R97: Myanmar | S97: G1481868K | U97: MG766688 | V97: Male | W97: 34105 | Y97: MYANMAR | AC97: 0 95036309 | AD97: 46799 | AE97: Single | AF97: 0 | AG97: 21 | AH97: 0398 | AI97: NULL | AJ97: NULL
A98: COSCA KENDRICK ANDREW JAVIER | B98: Employee | C98: LJ DT | D98: IT ENGINEER | E98: ER HWEE LIN | F98: kendrick@lingjack.com | G98: 89522657 | J98: BLK 362B SEMBAWANG CRESCENT #10-823 | L98: 752362 | M98: Singapore | R98: Filipino | S98: M4312328Q | U98: P2702884C | V98: Male | W98: 36221 | Y98: PHILIPPINES | AC98: 0 28481810 | AD98: 46796 | AE98: Single | AF98: 0 | AG98: 0 | AH98: 0441 | AI98: COSCA ANGELITA JAVIER | AJ98: +639178582982
A99: DALA JOHN PAUL BUHAIN | B99: Employee | C99: LJ DT | D99: SOFTWARE ENGINEER | E99: ER HWEE LIN | F99: jaypee@lingjack.com | G99: 88943684 | J99: BLK 153A LOR 1 TOA PAYOH #07-1161 | L99: 311153 | M99: Singapore | R99: Filipino | S99: G4041858Q | U99: P0681613B | V99: Male | W99: 36191 | Y99: PHILIPPINES | AC99: 0 28303785 | AD99: 46385 | AE99: Single | AF99: 0 | AG99: 0 | AH99: 0386 | AI99: NULL | AJ99: NULL
A100: ER HWEE LIN | B100: Employee | C100: LJ DT | D100: SNR MANAGER, ADVANCED TECHNOLOGY DIVISION | E100: LIM KOK KHENG | F100: hweelin.er@lingjack.com | G100: 96930361 | J100: 6 JAALN DERUM | L100: 759419 | M100: Singapore | R100: Singaporean | S100: S6806975J | U100: K2600496B | V100: Male | W100: 24858 | Y100: SINGAPORE | AD100: NULL | AE100: Married | AF100: 0 | AG100: 0 | AH100: 0319 | AI100: NULL | AJ100: NULL
...

Sheet LJ Fire
A1: Employee Name | B1: Employee Type | C1: Department | D1: Job Position | E1: Manager | F1: Work Email | G1: Work Phone | H1: Private Email | I1: Private Phone | J1: Private Street | K1: Private Street2 | L1: Private Zip | M1: Private Country | N1: Bank Account/Account Number | O1: Bank Account/Bank | P1: Bank Account/Currency | Q1: Private Car Plate | R1: Nationality (Country) | S1: Identification No | T1: SSN No | U1: Passport No | V1: Gender | W1: Date of Birth | X1: Place of Birth | Y1: Country of Birth | Z1: Field of Study | AA1: Visa No | AB1: Visa Expiration Date | AC1: Work Permit No | AD1: Work Permit Expiration Date | AE1: Marital Status | AF1: Number of Dependent Children | AG1: Hourly Cost | AH1: Badge ID | AI1: Contact Name | AJ1: Contact Phone
A2: CHAN KOK CHOONG | B2: Employee | C2: LJ FIRE | D2: EXECUTIVE DIRECTOR | E2: LIM KOK KHENG | F2: samchan@lingjack.com | G2: 97487489 | J2: 34 KEPPEL BAY DR #03-67 CARIBBEAN AT KEPPEL BAY | L2: 98652 | M2: Singapore | R2: Singaporean | S2: S7048029H | U2: K5451972B | V2: Male | W2: 25848 | AD2: NULL | AE2: Married | AF2: 0 | AG2: =VLOOKUP(D2,lookup!$A$2:$B$57,2,1) -> 36 | AH2: 0009 | AI2: NULL | AJ2: NULL
A3: PHUNG SUNG WANG STANLEY | B3: Employee | C3: LJ FIRE | D3: MANAGER | E3: CHAN KOK CHOONG | F3: stanleyphung@lingjack.com | G3: 98463930 | J3: BLK 209 TAMPINES ST 21 #03-1325 | L3: 520209 | M3: Singapore | R3: Singaporean | S3: S8116986A | U3: K2362609A | V3: Male | W3: 29748 | AD3: NULL | AE3: Single | AF3: 0 | AG3: =VLOOKUP(D3,lookup!$A$2:$B$57,2,1) -> 0 | AH3: 0092 | AI3: NULL | AJ3: NULL
A4: LIM KOK KHENG | B4: Employee | C4: MGT | D4: MANAGING DIRECTOR | E4: LIM HONG MENG | F4: kenneth@lingjack.com | G4: 96173941 | J4: 56 JLN KEMUNING | L4: 769778 | M4: Singapore | R4: Singaporean | S4: S7217561A | U4: K3808456B | V4: Male | W4: 26419 | AD4: NULL | AE4: Married | AF4: 0 | AG4: =VLOOKUP(D4,lookup!$A$2:$B$57,2,1) -> 0 | AH4: 0063 | AI4: Lim Swee Fong | AJ4: 96173941

Sheet LJD
A1: Employee Name | B1: Employee Type | C1: Department | D1: Job Position | E1: Manager | F1: Work Email | G1: Work Phone | H1: Private Email | I1: Private Phone | J1: Private Street | K1: Private Street2 | L1: Private Zip | M1: Private Country | N1: Bank Account/Account Number | O1: Bank Account/Bank | P1: Bank Account/Currency | Q1: Private Car Plate | R1: Nationality (Country) | S1: Identification No | T1: SSN No | U1: Passport No | V1: Gender | W1: Date of Birth | X1: Place of Birth | Y1: Country of Birth | Z1: Field of Study | AA1: Visa No | AB1: Visa Expiration Date | AC1: Work Permit No | AD1: Work Permit Expiration Date | AE1: Marital Status | AF1: Number of Dependent Children | AG1: Hourly Cost | AH1: Badge ID | AI1: Contact Name | AJ1: Contact Phone
A2: GANESAN A/L K SUPRAMANIAM | B2: Employee | C2: LJD | D2: CLEANER | E2: LIEW CHEN KIANG | G2: 82662120 | J2: 1 WOODLANDS TERRACE | L2: 738471 | M2: Singapore | R2: Malaysian | S2: F8048193N | U2: A55303330 | V2: Male | W2: 26374 | Y2: MA | AD2: NULL | AE2: Single | AF2: 0 | AG2: =VLOOKUP(D2,lookup!$A$2:$B$57,2,1) -> 0 | AH2: 0338 | AI2: NULL | AJ2: NULL
A3: LIEW CHEN KIANG | B3: Employee | C3: LJD | D3: SR MGR, PDT DEV'T | E3: LIM KOK KHENG | F3: adrianliew@lingjack.com | G3: 92702490 | J3: BLK 123 MCNAIR RD #13-17 | L3: 320123 | M3: Singapore | R3: Singaporean | S3: S7142055H | U3: E7010510N | V3: Male | W3: 26265 | Y3: SPR | AD3: NULL | AE3: Married | AF3: 0 | AG3: =VLOOKUP(D3,lookup!$A$2:$B$57,2,1) -> 0 | AH3: 0189 | AI3: NULL | AJ3: NULL
A4: LIM KOK KHENG | B4: Employee | C4: MGT | D4: MANAGING DIRECTOR | E4: LIM HONG MENG | F4: kenneth@lingjack.com | G4: 96173941 | J4: 56 JLN KEMUNING | L4: 769778 | M4: Singapore | R4: Singaporean | S4: S7217561A | U4: K3808456B | V4: Male | W4: 26419 | AD4: NULL | AE4: Married | AF4: 0 | AG4: =VLOOKUP(D4,lookup!$A$2:$B$57,2,1) -> 0 | AH4: 0063 | AI4: Lim Swee Fong | AJ4: 96173941

Sheet LJDT
A1: Employee Name | B1: Employee Type | C1: Department | D1: Job Position | E1: Manager | F1: Work Email | G1: Work Phone | H1: Private Email | I1: Private Phone | J1: Private Street | K1: Private Street2 | L1: Private Zip | M1: Private Country | N1: Bank Account/Account Number | O1: Bank Account/Bank | P1: Bank Account/Currency | Q1: Private Car Plate | R1: Nationality (Country) | S1: Identification No | T1: SSN No | U1: Passport No | V1: Gender | W1: Date of Birth | X1: Place of Birth | Y1: Country of Birth | Z1: Field of Study | AA1: Visa No | AB1: Visa Expiration Date | AC1: Work Permit No | AD1: Work Permit Expiration Date | AE1: Marital Status | AF1: Number of Dependent Children | AG1: Hourly Cost | AH1: Badge ID | AI1: Contact Name | AJ1: Contact Phone
A2: ARKAR KYAW | B2: Employee | C2: LJ DT | D2: RIGGER/CABLE SPLICER | E2: ER HWEE LIN | G2: 90554501 | J2: 1 WOODLANDS TERRACE | L2: 738471 | M2: Singapore | R2: Myanmar | S2: M3460658N | U2: MH674511 | V2: Male | W2: 33902 | Y2: MM | AD2: NULL | AE2: Single | AF2: 0 | AG2: 21 | AH2: 0482 | AI2: NULL | AJ2: NULL
A3: AUNG THIHA SOE | B3: Employee | C3: LJ DT | D3: TECHNICIAN I | E3: ER HWEE LIN | F3: jamesaung@lingjack.com | G3: 81938165 | J3: BLK 511 Woodlands Dr 14 #01-57 | L3: 730511 | M3: Singapore | R3: Myanmar | S3: G1481868K | U3: MG766688 | V3: Male | W3: 34105 | Y3: MM | AC3: 0 95036309 | AD3: 46799 | AE3: Single | AF3: 0 | AG3: 21 | AH3: 0398 | AI3: NULL | AJ3: NULL
A4: COSCA KENDRICK ANDREW JAVIER | B4: Employee | C4: LJ DT | D4: IT ENGINEER | E4: ER HWEE LIN | F4: kendrick@lingjack.com | G4: 89522657 | J4: BLK 362B SEMBAWANG CRESCENT #10-823 | L4: 752362 | M4: Singapore | R4: Filipino | S4: M4312328Q | U4: P2702884C | V4: Male | W4: 36221 | Y4: PH | AC4: 0 28481810 | AD4: 46796 | AE4: Single | AF4: 0 | AG4: 0 | AH4: 0441 | AI4: COSCA ANGELITA JAVIER | AJ4: +639178582982
A5: DALA JOHN PAUL BUHAIN | B5: Employee | C5: LJ DT | D5: SOFTWARE ENGINEER | E5: ER HWEE LIN | F5: jaypee@lingjack.com | G5: 88943684 | J5: BLK 153A LOR 1 TOA PAYOH #07-1161 | L5: 311153 | M5: Singapore | R5: Filipino | S5: G4041858Q | U5: P0681613B | V5: Male | W5: 36191 | Y5: PH | AC5: 0 28303785 | AD5: 46385 | AE5: Single | AF5: 0 | AG5: 0 | AH5: 0386 | AI5: NULL | AJ5: NULL
A6: ER HWEE LIN | B6: Employee | C6: LJ DT | D6: SNR MANAGER, ADVANCED TECHNOLOGY DIVISION | E6: LIM KOK KHENG | F6: hweelin.er@lingjack.com | G6: 96930361 | J6: 6 JAALN DERUM | L6: 759419 | M6: Singapore | R6: Singaporean | S6: S6806975J | U6: K2600496B | V6: Male | W6: 24858 | Y6: SP | AD6: NULL | AE6: Married | AF6: 0 | AG6: 0 | AH6: 0319 | AI6: NULL | AJ6: NULL
A7: ISLAM SHAFIQUL | B7: Employee | C7: LJ DT | D7: RIGGER/CABLE SPLICER | E7: ER HWEE LIN | F7: skshafiqul855@gmail.com | G7: 81723644 | J7: 1 WOODLANDS TERRACE | L7: 738471 | M7: Singapore | R7: Bangladeshi | S7: G6913730Q | U7: A14795428 | V7: Male | W7: 32022 | Y7: BAN | AD7: NULL | AE7: Single | AF7: 0 | AG7: 21 | AH7: 0478 | AI7: NULL | AJ7: NULL
A8: JOTHI SIVAGURUNATHAN | B8: Employee | C8: LJ DT | D8: RIGGER/CABLE SPLICER | E8: ER HWEE LIN | G8: 85106326 | J8: 1 WOODLANDS TERRACE | L8: 738471 | M8: Singapore | R8: Indian | S8: G7784597L | U8: Y1314801 | V8: Male | W8: 29037 | Y8: IN | AD8: NULL | AE8: Married | AF8: 0 | AG8: 21 | AH8: 0481 | AI8: NULL | AJ8: NULL
A9: LIAU WEI KAI | B9: Employee | C9: LJ DT | D9: HARDWARE ENGINEER | E9: ER HWEE LIN | F9: shaunliau@lingjack.com | G9: 91125651 | J9: BLK 55 GEYLANG BAHRU #12-3611 | L9: 330055 | M9: Singapore | R9: Singaporean | S9: S9307042I | U9: K2879507K | V9: Male | W9: 34029 | Y9: SP | AD9: NULL | AE9: Single | AF9: 0 | AG9: 0 | AH9: 0348 | AI9: NULL | AJ9: NULL
A10: LIM JUN HUI | B10: Employee | C10: LJ DT | D10: INTERNSHIP STUDENT | E10: ER HWEE LIN | G10: 82364014 | J10: BLK 475B UPPER SERANGOON CRESCENT #02-537 | L10: 532475 | M10: Singapore | R10: Singaporean | S10: T0036312F | V10: Male | W10: 36813 | Y10: SP | AD10: NULL | AE10: Single | AF10: 0 | AG10: 0 | AH10: 0506 | AI10: NULL | AJ10: NULL
A11: RETUTAR RYAN JAY CENAL | B11: Employee | C11: LJ DT | D11: SOFTWARE ENGINEER | E11: ER HWEE LIN | G11: 639487924888 | J11: 1 WOODLANDS TERRACE | L11: 738471 | M11: Singapore | R11: Filipino | U11: P1460058C | V11: Male | W11: 35413 | Y11: PH | AD11: NULL | AE11: Single | AF11: 0 | AG11: 0 | AH11: 0497 | AI11: NULL | AJ11: NULL
A12: SOO KAH FAI CHRIS | B12: Employee | C12: LJ DT | D12: MANAGER | E12: ER HWEE LIN | F12: chrissoo@lingjack.com | G12: 81231401 | J12: BLK 559 HOUGANG ST 51 #12-396 | L12: 530559 | M12: Singapore | R12: Singaporean | S12: S7136258B | U12: K4328483N | V12: Male | W12: 26229 | Y12: SP | AD12: NULL | AE12: Single | AH12: 0232 | AI12: NULL | AJ12: NULL
A13: TOE NAING PHONE ZAW | B13: Employee | C13: LJ DT | D13: RIGGER/CABLE SPLICER | E13: ER HWEE LIN | F13: toenaing@lingjack.com | G13: 84668344 | J13: BLK 786E WOODLANDS DRIVE 60 #07-13 | L13: 735786 | M13: Singapore | R13: Myanmar | S13: G3866377T | U13: MG387523 | V13: Male | W13: 33285 | Y13: MM | AC13: 0 94623820 | AD13: 45834 | AE13: Single | AH13: 0460 | AI13: NULL | AJ13: NULL
A14: LIM KOK KHENG | B14: Employee | C14: MGT | D14: MANAGING DIRECTOR | E14: LIM HONG MENG | F14: kenneth@lingjack.com | G14: 96173941 | J14: 56 JLN KEMUNING | L14: 769778 | M14: Singapore | R14: Singaporean | S14: S7217561A | U14: K3808456B | V14: Male | W14: 26419 | AD14: NULL | AE14: Married | AF14: 0 | AG14: =VLOOKUP(D14,lookup!$A$2:$B$57,2,1) -> 0 | AH14: 0063 | AI14: Lim Swee Fong | AJ14: 96173941

Sheet LJ Property
A1: Employee Name | B1: Employee Type | C1: Department | D1: Job Position | E1: Manager | F1: Work Email | G1: Work Phone | H1: Private Email | I1: Private Phone | J1: Private Street | K1: Private Street2 | L1: Private Zip | M1: Private Country | N1: Bank Account/Account Number | O1: Bank Account/Bank | P1: Bank Account/Currency | Q1: Private Car Plate | R1: Nationality (Country) | S1: Identification No | T1: SSN No | U1: Passport No | V1: Gender | W1: Date of Birth | X1: Place of Birth | Y1: Country of Birth | Z1: Field of Study | AA1: Visa No | AB1: Visa Expiration Date | AC1: Work Permit No | AD1: Work Permit Expiration Date | AE1: Marital Status | AF1: Number of Dependent Children | AG1: Hourly Cost | AH1: Badge ID | AI1: Contact Name | AJ1: Contact Phone
A2: LIM KOK SIONG | B2: Employee | C2: MGT | D2: EXE DIRECTOR | E2: LIM KOK KHENG | F2: koksiong@lingjack.com | G2: 97348586 | J2: 27 JlN LEGUNDI | L2: 759283 | M2: Singapore | R2: Singaporean | S2: S7104234J | U2: K2339084G | V2: Male | W2: 25964 | Y2: SINGAPORE | AD2: NULL | AE2: Married | AF2: 0 | AG2: =VLOOKUP(D2,lookup!$A$2:$B$57,2,1) -> 36 | AH2: 0352 | AI2: NULL | AJ2: NULL

Sheet LJ GreenTech
A1: Employee Name | B1: Employee Type | C1: Department | D1: Job Position | E1: Manager | F1: Work Email | G1: Work Phone | H1: Private Email | I1: Private Phone | J1: Private Street | K1: Private Street2 | L1: Private Zip | M1: Private Country | N1: Bank Account/Account Number | O1: Bank Account/Bank | P1: Bank Account/Currency | Q1: Private Car Plate | R1: Nationality (Country) | S1: Identification No | T1: SSN No | U1: Passport No | V1: Gender | W1: Date of Birth | X1: Place of Birth | Y1: Country of Birth | Z1: Field of Study | AA1: Visa No | AB1: Visa Expiration Date | AC1: Work Permit No | AD1: Work Permit Expiration Date | AE1: Marital Status | AF1: Number of Dependent Children | AG1: Hourly Cost | AH1: Badge ID | AI1: Contact Name | AJ1: Contact Phone
A2: LIM KOK KHENG | B2: Employee | C2: MGT | D2: MANAGING DIRECTOR | E2: LIM HONG MENG | F2: kenneth@lingjack.com | G2: 96173941 | J2: 56 JLN KEMUNING | L2: 769778 | M2: Singapore | R2: Singaporean | S2: S7217561A | U2: K3808456B | V2: Male | W2: 26419 | AD2: NULL | AE2: Married | AF2: 0 | AG2: =VLOOKUP(D2,lookup!$A$2:$B$57,2,1) -> 0 | AH2: 0063 | AI2: Lim Swee Fong | AJ2: 96173941

Sheet LJ Malaysia
A1: Employee Name | B1: Employee Type | C1: Department | D1: Job Position | E1: Manager | F1: Work Email | G1: Work Phone | H1: Private Email | I1: Private Phone | J1: Private Street | K1: Private Street2 | L1: Private Zip | M1: Private Country | N1: Bank Account/Account Number | O1: Bank Account/Bank | P1: Bank Account/Currency | Q1: Private Car Plate | R1: Nationality (Country) | S1: Identification No | T1: SSN No | U1: Passport No | V1: Gender | W1: Date of Birth | X1: Place of Birth | Y1: Country of Birth | Z1: Field of Study | AA1: Visa No | AB1: Visa Expiration Date | AC1: Work Permit No | AD1: Work Permit Expiration Date | AE1: Marital Status | AF1: Number of Dependent Children | AG1: Hourly Cost | AH1: Badge ID | AI1: Contact Name | AJ1: Contact Phone
A2: ANIS EDDYFAZWAN BIN ABD SALIM | B2: Employee | C2: PRODUCTION DEPT | D2: ENGINEERING MANAGER | E2: NG SENG CHUAN | F2: ljm-engrg01@lingjack.com | G2: 016 8253321 | J2: No. 5 Jalan Api-api 3, Taman Megah Ria, Masai,Johor. | L2: 81750 | M2: Malaysia | R2: Malaysian | S2: 920726-12-5649 | V2: M | W2: 1992-07-26 00:00:00.000 | Y2: MA | AE2: M | AH2: L024 | AI2: NULL | AJ2: NULL
A3: ANIS NABILAH BINTI MOHD NOOR | B3: Employee | C3: PRODUCTION DEPT | D3: QUALITY CONTROL | E3: NG SENG CHUAN | G3: 177186091 | J3: NO.A-42 JALAN TERATAI, FELDA ULU TEBRAU, ULU TIRAM,JOHOR. | L3: 81810 | M3: Malaysia | R3: Malaysian | S3: 911119-01-6032 | V3: F | W3: 1991-11-19 00:00:00.000 | Y3: MA | AE3: D | AH3: L042 | AI3: NULL | AJ3: NULL
A4: AUNG ZAW LIN | B4: Employee | C4: PRODUCTION DEPT | D4: ASSEMBLE | E4: NG SENG CHUAN | G4: 1170234722 | J4: NO. 1 & 3 JALAN MAHIR 5, TAMAN PERIND. CEMERLANG, ULU TIRAM,JOHOR. | L4: 81800 | M4: Malaysia | R4: Myanmar | U4: MH795696 | V4: M | W4: 1984-09-11 00:00:00.000 | Y4: MM | AE4: M | AH4: M059 | AI4: NULL | AJ4: NULL
A5: AYE LWIN | B5: Employee | C5: PRODUCTION DEPT | D5: ASSEMBLE | E5: NG SENG CHUAN | G5: '011 61394054 | J5: NO. 1 & 3 JALAN MAHIR 5, TAMAN PERINDUSTRIAN CEMERLANG, | L5: 81800 | M5: Malaysia | R5: Myanmar | U5: MI311679 | V5: M | W5: 1985-05-09 00:00:00.000 | Y5: MM | AE5: M | AH5: M052 | AI5: U THAUNG | AJ5: 9772134201
A6: AYE LWIN | B6: Employee | C6: PRODUCTION DEPT | D6: ASSEMBLE | E6: NG SENG CHUAN | G6: ' 011 61393917 | J6: NO. 1 & 3 JALAN MAHIR 5, TAMAN PERINDUSTRIAN CEMERLANG, | L6: 81800 | M6: Malaysia | R6: Myanmar | U6: MI311674 | V6: M | W6: 1985-06-30 00:00:00.000 | Y6: MM | AE6: M | AH6: M047 | AI6: U KYAW AUNG | AJ6: 8784476059
A7: AYE MIN TUN | B7: Employee | C7: PRODUCTION DEPT | D7: SAND MIXING | E7: NULL | J7: NO. 1 & 3 JALAN MAHIR 5, TAMAN PERINDUSTRIAN CEMERLANG,ULU TIRAM,JOHOR. | L7: 81800 | M7: Malaysia | R7: Myanmar | U7: MI196498 | V7: M | W7: 1986-07-20 00:00:00.000 | Y7: MM | AE7: M | AH7: M060 | AI7: NULL | AJ7: NULL
A8: AYE ZAW | B8: Employee | C8: PRODUCTION DEPT | D8: OPERATOR MACHINE | E8: LEE YIK SENG | G8: 011-27489213 | J8: NO 1 & 3 JALAN MAHIR 5, TAMAN PERINDUSTRIAN CEMERLANG, ULU TIRAM,JOHOR. | L8: 81800 | M8: Malaysia | R8: Myanmar | U8: MG148395 | V8: M | W8: 2004-05-05 00:00:00.000 | Y8: MM | AE8: S | AH8: M055 | AI8: NULL | AJ8: NULL
A9: CHAN SIEW PENG | B9: Employee | C9: ADMIN DEPT | D9: NULL | E9: NULL | F9: esther@lingjack.com | M9: Malaysia | R9: Singaporean | S9: S1438776E | V9: F | W9: 1960-03-31 00:00:00.000 | AE9: S | AH9: S005 | AI9: NULL | AJ9: NULL
A10: FOLONIA BINTI KAPITAN | B10: Employee | C10: ADMIN DEPT | D10: PURCHASING EXECUTIVE | E10: NG SENG CHUAN | F10: ljm-admin01@lingjack.com | G10: 011 31539523 | J10: NO. 38 JALAN KENANGA 1/8, TAMAN DESA CEMERLANG, ULU TIRAM, JOHOR. | L10: 81800 | M10: Malaysia | R10: Malaysian | S10: 890613-12-5840 | V10: F | W10: 1989-06-13 00:00:00.000 | Y10: MA | AE10: M | AH10: O004 | AI10: NULL | AJ10: NULL
A11: HAN HTAY WIN | B11: Employee | C11: PRODUCTION DEPT | D11: ASSEMBLE | E11: NG SENG CHUAN | G11: '011 61712488 | J11: NO. 1 & 3 JALAN MAHIR 5, TAMAN PERINDUSTRIAN CEMERLANG, ULU TIRAM,JOHOR. | L11: 81800 | M11: Malaysia | R11: Myanmar | U11: MG811308 | V11: M | W11: 2004-07-28 00:00:00.000 | Y11: MM | AE11: S | AH11: M051 | AI11: U KYAW LIN | AJ11: 9776831743
A12: KANG BEE CHING | B12: Employee | C12: ADMIN DEPT | D12: NULL | E12: NULL | F12: beechingkang@lingjack.com | G12: 97547618 | J12: 1 Woodlands Terrace | L12: 680552 | M12: Malaysia | R12: Singapore PR | S12: S7170640J | V12: F | W12: 1971-06-05 00:00:00.000 | AE12: M | AH12: S004 | AI12: NULL | AJ12: NULL
A13: KHIN MAUNG HTOO | B13: Employee | C13: PRODUCTION DEPT | D13: MELTER | E13: MANIT SENNOK | G13: '011 61394037 | J13: NO. 1 & 3 JALAN MAHIR 5, TAMAN PERINDUSTRIAN CEMERLANG, | L13: 81800 | M13: Malaysia | R13: Myanmar | U13: MG388078 | V13: M | W13: 1996-04-27 00:00:00.000 | Y13: MM | AE13: S | AH13: M053 | AI13: NULL | AJ13: NULL
A14: KYAW AUNG | B14: Employee | C14: PRODUCTION DEPT | D14: OPERATOR MACHINE | E14: LEE YIK SENG | G14: '011 61393957 | J14: NO. 1 & 3 JALAN MAHIR 5, TAMAN PERINDUSTRIAN CEMERLANG, | L14: 81800 | M14: Malaysia | R14: Myanmar | U14: MG260359 | V14: M | W14: 1997-03-02 00:00:00.000 | Y14: MM | AE14: S | AH14: M049 | AI14: U MYA NYUNT | AJ14: 9448211137
A15: KYAW ZIN SOE | B15: Employee | C15: PRODUCTION DEPT | D15: MELTER | E15: MANIT SENNOK | G15: '011 61394012 | J15: NO. 1 & 3 JALAN MAHIR 5, TAMAN PERINDUSTRIAN CEMERLANG, ULU TIRAM,JOHOR. | L15: 81800 | M15: Malaysia | R15: Myanmar | U15: MG178975 | V15: M | W15: 1988-07-18 00:00:00.000 | Y15: MM | AE15: M | AH15: M046 | AI15: U MAUNG GYI | AJ15: 9755836650
A16: LEE YIK SENG | B16: Employee | C16: PRODUCTION DEPT | D16: PRODUCTION SUPERVISOR | E16: NG SENG CHUAN | G16: 014 6185891 | J16: NO 462 JALAN ANGGERIK, SIMPANG RENGGAM, JOHOR. | L16: 86200 | M16: Malaysia | R16: Malaysian | S16: 810129-01-5751 | V16: M | W16: 1981-01-29 00:00:00.000 | Y16: MA | AE16: D | AH16: L004 | AI16: NULL | AJ16: NULL
A17: LIM KOK KHENG (LIN GUOQING) | B17: Employee | C17: MGT | D17: EXECUTIVE DIRECTOR | E17: NULL | F17: kenneth@lingjack.com | G17: 006 596173941 | J17: NO 1 & 3 JALAN MAHIR 5 TAMAN PERINDUSTRIAN CEMERLANG, ULU TIRAM, JOHOR | L17: 81800 | M17: Malaysia | R17: Singaporean | U17: K3808456B | V17: M | W17: 1972-04-30 00:00:00.000 | Y17: OT | AE17: M | AH17: S002 | AI17: NULL | AJ17: NULL
A18: LIM KOK MENG (LIN GEMING) | B18: Employee | C18: MGT | D18: EXECUTIVE DIRECTOR | E18: NULL | F18: lawrencelim@lingjack.com | G18: 0065 97390092 | J18: NO 1 & 3 JALAN MAHIR 5, TAMAN PERINDUSTRIAN CEMERLANG, ULU TIRAM, JOHOR | L18: 81800 | M18: Malaysia | R18: Singaporean | U18: K2296594A | V18: M | W18: 1972-04-30 00:00:00.000 | Y18: SP | AE18: M | AH18: S003 | AI18: NULL | AJ18: NULL
A19: LIM SUEI KIAT | B19: Employee | C19: MGT | D19: EXECUTIVE DIRECTOR | E19: NULL | G19: 0065 96339400 | J19: NO 1 & 3 JALAN MAHIR 5 TAMAN PERINDUSTRIAN CEMERMERLANG, ULU TIRAM,JOHOR | L19: 81800 | M19: Malaysia | R19: Singaporean | U19: K1869251G | V19: M | W19: 1943-06-26 00:00:00.000 | Y19: SP | AE19: M | AH19: S001 | AI19: NULL | AJ19: NULL
A20: MANIT SENNOK | B20: Employee | C20: PRODUCTION DEPT | D20: MELTER | E20: NG SENG CHUAN | G20: 177401187 | J20: NO. 1 & 3 JALAN MAHIR 5, TAMAN PERINDUSTRIAN CEMERLANG, ULU TIRAM,JOHOR. | L20: 81800 | M20: Malaysia | R20: Thai | U20: AD0457811 | V20: M | W20: 1979-10-06 00:00:00.000 | Y20: TH | AE20: M | AH20: T004 | AI20: NULL | AJ20: NULL
A21: MAUNG SAN | B21: Employee | C21: PRODUCTION DEPT | D21: ASSEMBLE | E21: NULL | J21: NO 1 & 3 JALAN MAHIR 5, TAMAN PERINDUSTRIAN CEMERLANG, ULU TIRAM,JOHOR. | L21: 81800 | M21: Malaysia | R21: Myanmar | U21: MG219296 | V21: M | W21: 1988-06-16 00:00:00.000 | Y21: MM | AE21: M | AH21: M061 | AI21: NULL | AJ21: NULL
A22: MAY ZUN THU | B22: Employee | C22: PRODUCTION DEPT | D22: OPERATOR MACHINE | E22: NG SENG CHUAN | G22: 011 69863727 | J22: NO 1 & 3 JALAN MAHIR 5, TMN PERIND. CEMERLANG, ULU TIRAM, JOHOR. | L22: 81800 | M22: Malaysia | R22: Myanmar | U22: MD896708 | V22: F | W22: 1990-06-12 00:00:00.000 | Y22: MM | AE22: S | AH22: M036 | AI22: NULL | AJ22: NULL
A23: MIN MIN AUNG | B23: Employee | C23: PRODUCTION DEPT | D23: MOLDER | E23: NG SENG CHUAN | G23: 011 37474731 | J23: NO 1 & 3 JLN MAHIR 5, TMN PERINDUSTRIAN CEMERLANG, ULU TIRAM, JOHOR. | L23: 81800 | M23: Malaysia | R23: Myanmar | U23: MF235058 | V23: M | W23: 1990-05-07 00:00:00.000 | Y23: MM | AE23: M | AH23: M031 | AI23: NULL | AJ23: NULL
A24: MYO AUNG | B24: Employee | C24: PRODUCTION DEPT | D24: OPERATOR MACHINE | E24: LEE YIK SENG | G24: 018 3945308 | J24: NO. 1 & 3 JALAN MAHIR 5, TAMAN PERINDUSTRIAN CEMERLANG, | L24: 81800 | M24: Malaysia | R24: Myanmar | U24: MI311652 | V24: M | W24: 1987-05-28 00:00:00.000 | Y24: MM | AE24: S | AH24: M048 | AI24: NULL | AJ24: NULL
A25: MYO MIN HTET | B25: Employee | C25: PRODUCTION DEPT | D25: MELTER | E25: NG SENG CHUAN | G25: 018 7812948 | J25: NO 1 & 3 JALAN MAHIR 5, TMN PERIND. CEMERLANG, ULU TIRAM, JOHOR. | L25: 81800 | M25: Malaysia | R25: Myanmar | U25: MF896705 | V25: M | W25: 1997-10-02 00:00:00.000 | Y25: MM | AE25: M | AH25: M037 | AI25: NULL | AJ25: NULL
A26: NAING LIN | B26: Employee | C26: STORE DEPT | D26: STORE ASSISTANT | E26: NG SENG CHUAN | G26: 011 28985604 | J26: NO 1 & 3 JALAN MAHIR 5, TAMAN PERIND. CEMERLANG, ULU TIRAM, JOHOR. | M26: Malaysia | R26: Myanmar | U26: MF896709 | V26: M | W26: 1980-06-28 00:00:00.000 | Y26: MM | AE26: M | AH26: M014 | AI26: NULL | AJ26: NULL
A27: NG SENG CHUAN | B27: Employee | C27: ADMIN DEPT | D27: FACTORY MANAGER | E27: LIM KOK KHENG (LIN GUOQING) | F27: ng@lingjack.com | G27: 012 7877738 | J27: NO 49 JALAN JOHAR 7, TAMAN DESA CEMERLANG, ULU TIRAM, JOHOR. | L27: 81800 | M27: Malaysia | R27: Malaysian | S27: 720328-01-6133 | V27: M | W27: 1972-03-28 00:00:00.000 | Y27: MA | AE27: M | AH27: L001 | AI27: NULL | AJ27: NULL
A28: NG SIU HOON | B28: Employee | C28: ADMIN DEPT | D28: GENERAL CLERK | E28: NG SENG CHUAN | J28: NO 49 JLN JOHAR 7, TMN DESA CEMERLANG, ULU TIRAM,JOHOR | L28: 81800 | M28: Malaysia | R28: Malaysian | S28: 721127-01-5788 | V28: F | W28: 1972-11-21 00:00:00.000 | Y28: MA | AE28: M | AH28: L005 | AI28: NULL | AJ28: NULL
A29: NORIDAH BINTI MASWAN | B29: Employee | C29: ADMIN DEPT | D29: ADMIN EXECUTIVE | E29: NG SENG CHUAN | F29: noridah@lingjack.com | G29: 017 7435878 | J29: NO 03-12 BLK H, PANGSAPURI AKASIA, TAMAN DESA CEMERLANG, ULU TIRAM,JOHOR. | L29: 81800 | M29: Malaysia | R29: Malaysian | S29: 740724-01-6176 | V29: F | W29: 1974-07-24 00:00:00.000 | Y29: MA | AE29: M | AH29: O001 | AI29: NULL | AJ29: NULL
A30: NURUL AISYAH BINTI ABDUL RAHIM | B30: Employee | C30: ADMIN DEPT | D30: ASSISTANT PURCHASING EXE | E30: NG SENG CHUAN | F30: ljm-admin02lingjack.com | G30: 017 7863896 | J30: No. 05-12 BLOK A, FLAT AKASIA, TAMAN DESA CEMERLANG, ULU TIRAM,JOHOR. | L30: 81800 | M30: Malaysia | R30: Malaysian | S30: 951009-01-6476 | V30: F | W30: 1995-10-09 00:00:00.000 | Y30: MA | AE30: M | AH30: O006 | AI30: NULL | AJ30: NULL
A31: SAN WIN NAING | B31: Employee | C31: PRODUCTION DEPT | D31: ASSEMBLE | E31: NG SENG CHUAN | G31: '011 60544762 | J31: NO 1 & 3 JALAN MAHIR 5, TAMAN PERIND. CEMERLANG, ULU TIRAM, JOHOR. | M31: Malaysia | R31: Myanmar | U31: MG963220 | V31: M | W31: 1982-09-03 00:00:00.000 | Y31: MM | AE31: M | AH31: M006 | AI31: NULL | AJ31: NULL
A32: SANTHIA A/P MANOGARAN | B32: Employee | C32: STORE DEPT | D32: STORE SUPERVISOR | E32: NG SENG CHUAN | F32: ljm-store01@lingjack.com | G32: 016 7038223 | J32: NO 22 JALAN KERIS 27, TAMAN PUTRI WANGSA, ULU TIRAM, JOHOR | L32: 81800 | M32: Malaysia | R32: Malaysian | S32: 900327-01-6594 | V32: F | W32: 1990-03-27 00:00:00.000 | Y32: MA | AE32: M | AH32: L015 | AI32: NULL | AJ32: NULL
A33: SEIN KYAW HTAY | B33: Employee | C33: STORE DEPT | D33: STORE ASSISTANT | E33: SANTHIA A/P MANOGARAN | G33: 011-27489037 | J33: NO. 1 &3 JALAN MAHIR 5, TAMAN PERINDUSTRIAN CEMERLANG, ULU TIRAM,JOHOR. | L33: 81800 | M33: Malaysia | R33: Myanmar | U33: MG148390 | V33: M | W33: 1997-06-15 00:00:00.000 | Y33: MM | AE33: M | AH33: M056 | AI33: NULL | AJ33: NULL
A34: SOE MIN NAING | B34: Employee | C34: PRODUCTION DEPT | D34: MOLDER | E34: NG SENG CHUAN | G34: '011 39839864 | J34: NO 1 & 3 JLN MAHIR 5, TMN PERINDUSTRIAN CEMERLANG, ULU TIRAM, JOHOR. | L34: 81800 | M34: Malaysia | R34: Myanmar | U34: MF896706 | V34: M | W34: 1988-10-15 00:00:00.000 | Y34: MM | AE34: M | AH34: M032 | AI34: NULL | AJ34: NULL
A35: SOE MYINT NAING | B35: Employee | C35: PRODUCTION DEPT | D35: ASSEMBLE | E35: NG SENG CHUAN | G35: 011-27489478 | J35: NO 1 & 3 JALAN MAHIR 5, TAMAN PERINDUSTRIAN CEMERLANG, ULU TIRAM, JOHOR. | L35: 81800 | M35: Malaysia | R35: Myanmar | U35: MG564512 | V35: M | W35: 2002-09-18 00:00:00.000 | Y35: MM | AE35: S | AH35: M054 | AI35: NULL | AJ35: NULL
A36: TAN CHEK KA | B36: Employee | C36: STORE DEPT | D36: STORE SUPERVISOR | E36: NG SENG CHUAN | G36: 014 3860363 | J36: NO 87 JALAN BUNGA RAYA SIMPANG RENGGAM, JOHOR. | L36: 86200 | M36: Malaysia | R36: Malaysian | S36: 760906-01-7143 | V36: M | W36: 1976-09-06 00:00:00.000 | Y36: MA | AE36: S | AH36: L007 | AI36: NULL | AJ36: NULL
A37: TEEBA A/P THURAIRAJ | B37: Employee | C37: STORE DEPT | D37: STORE ASSISTANT | E37: SANTHIA A/P MANOGARAN | G37: 011-11247419 | J37: NO 66. JALAN TEMBIKAI 18, TAMAN KOTA MASAI, PASIR GUDANG, JOHOR. | L37: 81700 | M37: Malaysia | R37: Malaysian | S37: 981119-08-6982 | V37: F | W37: 1998-11-19 00:00:00.000 | Y37: MA | AE37: M | AH37: L053 | AI37: NULL | AJ37: NULL
A38: THET ZAW | B38: Employee | C38: PRODUCTION DEPT | D38: ASSEMBLE | E38: NG SENG CHUAN | G38: 011-28984097 | J38: NO. 1 & 3 JALAN MAHIR 5 TAMAN PERINDUSTRIAN CEMERLANG, ULU TIRAM, JOHOR. | M38: Malaysia | R38: Myanmar | U38: MH680607 | V38: M | W38: 1989-07-19 00:00:00.000 | Y38: MM | AE38: M | AH38: M058 | AI38: NULL | AJ38: NULL
A39: TIE LIN AUNG | B39: Employee | C39: PRODUCTION DEPT | D39: MELTER | E39: NULL | J39: NO. 1 & 3 JALAN MAHIR 5, TAMAN PERINDUSTRIAN CEMERLANG, ULU TIRAM,JOHOR. | L39: 81800 | M39: Malaysia | R39: Myanmar | U39: MI225867 | V39: M | W39: 1989-06-26 00:00:00.000 | Y39: MM | AE39: M | AH39: M062 | AI39: NULL | AJ39: NULL
A40: TIN YE AUNG | B40: Employee | C40: PRODUCTION DEPT | D40: MELTER | E40: MANIT SENNOK | G40: '011 61394051 | J40: NO. 1 & 3 JALAN MAHIR 5, TAMAN PERINDUSTRIAN CEMERLANG, | L40: 81800 | M40: Malaysia | R40: Myanmar | U40: MG569527 | V40: M | W40: 1991-12-22 00:00:00.000 | AE40: M | AH40: M050 | AI40: U THAN OO | AJ40: 9423728189
A41: TINT NAING TUN | B41: Employee | C41: PRODUCTION DEPT | D41: ASSEMBLE | E41: LEE YIK SENG | G41: 011-28984053 | J41: NO. 1 & 3 JALAN MAHIR 5, TAMAN PERINDUSTRIAN CEMERLANG, ULU TIRAM,JOHOR. | L41: 81800 | M41: Malaysia | R41: Myanmar | U41: MH053215 | V41: M | W41: 2002-01-12 00:00:00.000 | Y41: MM | AE41: S | AH41: M057 | AI41: NULL | AJ41: NULL
A42: TUN SOE | B42: Employee | C42: PRODUCTION DEPT | D42: OPERATOR MACHINE | E42: NULL | G42: '011 62039429 | J42: NO 1 & 3 JLN MAHIR 5, TMN PERINDUSTRIAN CEMERLANG, ULU TIRAM, JOHOR. | L42: 81800 | M42: Malaysia | R42: Myanmar | U42: MF896704 | V42: M | W42: 1998-04-02 00:00:00.000 | Y42: MM | AE42: S | AH42: M034 | AI42: NULL | AJ42: NULL
A43: WIN MIN SOE | B43: Employee | C43: PRODUCTION DEPT | D43: MELTER | E43: NULL | J43: NO. 1 & 3 JALAN MAHIR 5, TAMAN PERINDUSTRIAN CEMERLANG, ULU TIRAM,JOHOR. | L43: 81800 | M43: Malaysia | R43: Myanmar | U43: MI225868 | V43: M | W43: 1994-12-09 00:00:00.000 | Y43: MM | AE43: M | AH43: M063 | AI43: NULL | AJ43: NULL
A44: YAN MOE NAING | B44: Employee | C44: PRODUCTION DEPT | D44: MOLDER | E44: NULL | G44: '018 7729401 | J44: NO 1 & 3 JLN MAHIR 5, TMN PERINDUSTRIAN CEMERLANG, ULU TIRAM, JOHOR. | L44: 81800 | M44: Malaysia | R44: Myanmar | U44: MF896707 | V44: M | W44: 1988-01-06 00:00:00.000 | Y44: MM | AE44: M | AH44: M033 | AI44: NULL | AJ44: NULL

Sheet PT Lingjack
A1: Employee Name | B1: Employee Type | C1: Department | D1: Job Position | E1: Manager | F1: Work Email | G1: Work Phone | H1: Private Email | I1: Private Phone | J1: Private Street | K1: Private Street2 | L1: Private Zip | M1: Private Country | N1: Bank Account/Account Number | O1: Bank Account/Bank | P1: Bank Account/Currency | Q1: Private Car Plate | R1: Nationality (Country) | S1: Identification No | T1: SSN No | U1: Passport No | V1: Gender | W1: Date of Birth | X1: Place of Birth | Y1: Country of Birth | Z1: Field of Study | AA1: Visa No | AB1: Visa Expiration Date | AC1: Work Permit No | AD1: Work Permit Expiration Date | AE1: Marital Status | AF1: Number of Dependent Children | AG1: Hourly Cost | AH1: Badge ID | AI1: Contact Name | AJ1: Contact Phone
A2: FIKANATALIA | B2: Employee | C2: SALES-INDONESIA | D2: COUNTRY MGR | E2: LIM KOK KHENG | F2: fika@lingjack.com | M2: Indonesia | R2: Indonesian | S2: AAA | V2: Female | AE2: Married | AH2: 00028

Sheet lookup
A1: Job Position | B1: Hourly Cost
A2: ACCOUNTS ASS I | B2: 0
A3: ACCOUNTS EXEC III | B3: 0
A4: ASST ENGINEER | B4: 32
A5: ASST MGR | B5: 0
A6: ASST SUPERVISOR | B6: 40
A7: CLEANER | B7: 0
A8: CLERK | B8: 0
A9: CONSTRUCTION WORKER | B9: 19
A10: CS EXEC II | B10: 0
A11: CS EXEC III | B11: 0
A12: CS EXEC III | B12: 0
A13: DRIVER III | B13: 22
A14: ENGINEER | B14: 36
A15: FINANCE DIRECTOR | B15: 0
A16: HR ASSISTANT | B16: 0
A17: HR MANAGER | B17: 0
A18: LATHE SETTER-OPERATOR | B18: 19
A19: MANAGER | B19: 0
A20: MANAGING DIRECTOR | B20: 0
A21: PLANT DIRECTOR | B21: 0
A22: PLANT MANAGER | B22: 58
A23: PRODUCTION SPECIALIST I | B23: 24
A24: PRODUCTION SPECIALIST II | B24: 24
... A57: WELDER AND FLAME CUTTER | B57: 19
B58: 0
